2026-07-21 07:22:14  [Success] Connected to 'm365.man'.
2026-07-21 07:23:29  [Success] Found 801 Win32 app(s).
2026-07-21 07:23:34  [Warning] No install summary for '.net Runtime 3.5': Graph GET /beta/deviceAppManagement/mobileApps/189391fd-23eb-429b-ad1a-199babd36fac/installSummary -> HTTP 400
2026-07-21 07:23:34  [Warning] No install summary for '1641 Test': Graph GET /beta/deviceAppManagement/mobileApps/7e69eaf1-a1a2-494b-a3ed-954c4d99d533/installSummary -> HTTP 400
2026-07-21 07:23:34  [Warning] No install summary for '1641_PSADT_ Latest': Graph GET /beta/deviceAppManagement/mobileApps/c2070bdc-82fe-4838-8bc6-674ed79dadb1/installSummary -> HTTP 400
2026-07-21 07:23:34  [Warning] No install summary for '1641ps1.ps1': Graph GET /beta/deviceAppManagement/mobileApps/9aed5179-8a9d-4430-b50c-32b38a1fa505/installSummary -> HTTP 400
2026-07-21 07:23:34  [Warning] No install summary for '365 Apps Semi Annual Channel Limited': Graph GET /beta/deviceAppManagement/mobileApps/c4988d74-e12b-49fe-b025-6e45375c90ef/installSummary -> HTTP 400
2026-07-21 07:23:34  [Warning] No install summary for '365 copilot System': Graph GET /beta/deviceAppManagement/mobileApps/80088897-6be1-42bb-9a90-1f045679341e/installSummary -> HTTP 400
2026-07-21 07:23:34  [Warning] No install summary for '3D Evolution': Graph GET /beta/deviceAppManagement/mobileApps/2a6a1ae1-b058-45d6-8ac9-64ec17da2441/installSummary -> HTTP 400
2026-07-21 07:23:34  [Warning] No install summary for '3d Studio': Graph GET /beta/deviceAppManagement/mobileApps/d264984e-48f1-4fb4-b499-b286bd84c0c0/installSummary -> HTTP 400
2026-07-21 07:23:34  [Warning] No install summary for '3D Tool': Graph GET /beta/deviceAppManagement/mobileApps/f8f26a8e-f047-40b4-9448-0cc87162e1f7/installSummary -> HTTP 400
2026-07-21 07:23:35  [Warning] No install summary for '3D XML Player': Graph GET /beta/deviceAppManagement/mobileApps/b4832e43-0515-401d-8dfb-3dcc57f2682d/installSummary -> HTTP 400
2026-07-21 07:23:35  [Warning] No install summary for '3Dconnexion 3DxWare 10 - (Winget) ': Graph GET /beta/deviceAppManagement/mobileApps/c0f607ce-90e0-4b56-84d8-a201cb74d6ed/installSummary -> HTTP 400
2026-07-21 07:23:35  [Warning] No install summary for '3DViewStation': Graph GET /beta/deviceAppManagement/mobileApps/b7170704-fa3e-4520-b5ee-763618f7dc6d/installSummary -> HTTP 400
2026-07-21 07:23:35  [Warning] No install summary for '3DxWare': Graph GET /beta/deviceAppManagement/mobileApps/88e2dff4-be87-4ec3-80e2-919f6dae36ff/installSummary -> HTTP 400
2026-07-21 07:23:35  [Warning] No install summary for '7Zip': Graph GET /beta/deviceAppManagement/mobileApps/21b23335-f800-40e9-b9b2-5b6f4f298ece/installSummary -> HTTP 400
2026-07-21 07:23:35  [Warning] No install summary for '7Zip': Graph GET /beta/deviceAppManagement/mobileApps/e8d09854-3741-4b21-9fbc-727b48455d11/installSummary -> HTTP 400
2026-07-21 07:23:36  [Warning] No install summary for '7-Zip': Graph GET /beta/deviceAppManagement/mobileApps/c8fc84da-975a-4ea4-b269-45e5bd5a6017/installSummary -> HTTP 400
2026-07-21 07:23:36  [Warning] No install summary for '7-Zip': Graph GET /beta/deviceAppManagement/mobileApps/71ea6fad-dce6-4810-b53a-6313f920acaf/installSummary -> HTTP 400
2026-07-21 07:23:37  [Warning] No install summary for 'ACC Client': Graph GET /beta/deviceAppManagement/mobileApps/29d31715-2b71-402d-91bd-5737078c31a7/installSummary -> HTTP 400
2026-07-21 07:23:37  [Warning] No install summary for 'Aconso Client': Graph GET /beta/deviceAppManagement/mobileApps/745faa3c-216b-42b0-8b16-0cb527fb4546/installSummary -> HTTP 400
2026-07-21 07:23:37  [Warning] No install summary for 'Aconso Client': Graph GET /beta/deviceAppManagement/mobileApps/df64bc5b-8520-4de8-a1e3-567102aca84c/installSummary -> HTTP 400
2026-07-21 07:23:37  [Warning] No install summary for 'Acrobat Pro': Graph GET /beta/deviceAppManagement/mobileApps/a63419c9-5a69-4ddd-9bad-83742bde03bc/installSummary -> HTTP 400
2026-07-21 07:23:37  [Warning] No install summary for 'Acrobat Reader': Graph GET /beta/deviceAppManagement/mobileApps/48404abe-6a33-4599-8bd3-2e323013e11c/installSummary -> HTTP 400
2026-07-21 07:23:38  [Warning] No install summary for 'Acrobat Reader DC': Graph GET /beta/deviceAppManagement/mobileApps/8b657296-8a9b-4a6f-9c5e-45077f8b35ed/installSummary -> HTTP 400
2026-07-21 07:23:38  [Warning] No install summary for 'AcrolinxforOffice': Graph GET /beta/deviceAppManagement/mobileApps/2bdeaa37-b181-4576-9308-d6b90282dbcc/installSummary -> HTTP 400
2026-07-21 07:23:38  [Warning] No install summary for 'Active Roles': Graph GET /beta/deviceAppManagement/mobileApps/6538b34b-f15e-4213-8c5f-dd19de8955e3/installSummary -> HTTP 400
2026-07-21 07:23:38  [Warning] No install summary for 'ActiveCockpit Desklink': Graph GET /beta/deviceAppManagement/mobileApps/830ce66d-cc96-47ea-a968-c41137a82c2c/installSummary -> HTTP 400
2026-07-21 07:23:38  [Warning] No install summary for 'ActiveComponentFramework': Graph GET /beta/deviceAppManagement/mobileApps/ce4e2d6f-e6da-4800-b0f4-6fcf6b845511/installSummary -> HTTP 400
2026-07-21 07:23:38  [Warning] No install summary for 'AdcoleGage': Graph GET /beta/deviceAppManagement/mobileApps/bd741cc4-49e4-4310-baf5-0b54d2843cb6/installSummary -> HTTP 400
2026-07-21 07:23:38  [Warning] No install summary for 'Add Printer Wizard': Graph GET /beta/deviceAppManagement/mobileApps/450b15b1-bde9-49f5-8435-3daedcf808ee/installSummary -> HTTP 400
2026-07-21 07:23:39  [Warning] No install summary for 'Add Printer Wizard': Graph GET /beta/deviceAppManagement/mobileApps/4fc57c7f-0782-4cf5-b080-c2c633b6370c/installSummary -> HTTP 400
2026-07-21 07:23:39  [Warning] No install summary for 'Add Printer Wizard': Graph GET /beta/deviceAppManagement/mobileApps/f7d25252-cbe5-4dfe-83fc-fc56a6936344/installSummary -> HTTP 400
2026-07-21 07:23:39  [Warning] No install summary for 'AddPrinterWizard-UPD': Graph GET /beta/deviceAppManagement/mobileApps/dc7f9e4a-6131-4f57-b178-ee6158e0dfe5/installSummary -> HTTP 400
2026-07-21 07:23:39  [Warning] No install summary for 'Adobe AcrobatReader DC': Graph GET /beta/deviceAppManagement/mobileApps/e108b239-a510-449a-a8fb-816248877b82/installSummary -> HTTP 400
2026-07-21 07:23:40  [Warning] No install summary for 'Adobe AcrobatReader DC': Graph GET /beta/deviceAppManagement/mobileApps/6e77afa0-b312-4a7f-81df-f4d3c90a2683/installSummary -> HTTP 400
2026-07-21 07:23:40  [Warning] No install summary for 'Adobe AcrobatReader DC Update': Graph GET /beta/deviceAppManagement/mobileApps/d80c9484-6115-46c2-94f5-65e7ee0c4751/installSummary -> HTTP 400
2026-07-21 07:23:40  [Warning] No install summary for 'AFORIX': Graph GET /beta/deviceAppManagement/mobileApps/5b394eea-c642-4deb-81a6-88ea6d294880/installSummary -> HTTP 400
2026-07-21 07:23:40  [Warning] No install summary for 'AFxFormatViewerSetup': Graph GET /beta/deviceAppManagement/mobileApps/2201445f-0fb2-4e79-ac07-c6bae88264fb/installSummary -> HTTP 400
2026-07-21 07:23:40  [Warning] No install summary for 'Agent': Graph GET /beta/deviceAppManagement/mobileApps/2b0a113e-9745-4e23-a0f3-c01ba9154987/installSummary -> HTTP 400
2026-07-21 07:23:40  [Warning] No install summary for 'AgentENS WOB': Graph GET /beta/deviceAppManagement/mobileApps/a5638a4b-ea07-4b27-b057-533c6540dada/installSummary -> HTTP 400
2026-07-21 07:23:40  [Warning] No install summary for 'AgentOneClient': Graph GET /beta/deviceAppManagement/mobileApps/b8bd8fd1-21db-484a-87f4-3e66016d45f2/installSummary -> HTTP 400
2026-07-21 07:23:40  [Warning] No install summary for 'AgentOneSupervisor': Graph GET /beta/deviceAppManagement/mobileApps/1f29e87b-9108-4224-b997-5aa271b2c2b5/installSummary -> HTTP 400
2026-07-21 07:23:40  [Warning] No install summary for 'AgentRansack': Graph GET /beta/deviceAppManagement/mobileApps/69f05c4e-ce4e-42be-a2d9-938ef6e786ed/installSummary -> HTTP 400
2026-07-21 07:23:40  [Warning] No install summary for 'Agent-UPD': Graph GET /beta/deviceAppManagement/mobileApps/1b6c9942-75bd-45e5-be8f-a36bd9f20dca/installSummary -> HTTP 400
2026-07-21 07:23:40  [Warning] No install summary for 'AIStudio': Graph GET /beta/deviceAppManagement/mobileApps/ed7e3c1d-e4ee-45d2-8a8d-7daa5db7dc6b/installSummary -> HTTP 400
2026-07-21 07:23:40  [Warning] No install summary for 'ALMClientLauncher': Graph GET /beta/deviceAppManagement/mobileApps/1164a6a4-74f5-4c50-916a-d22773c983fd/installSummary -> HTTP 400
2026-07-21 07:23:41  [Warning] No install summary for 'AMD Audio CoProcessor': Graph GET /beta/deviceAppManagement/mobileApps/8c948221-9115-454a-aff1-a383d6e8a5db/installSummary -> HTTP 400
2026-07-21 07:23:41  [Warning] No install summary for 'Anaconda3': Graph GET /beta/deviceAppManagement/mobileApps/f09ec2cf-e72c-4185-b8f4-257d01b2dc62/installSummary -> HTTP 400
2026-07-21 07:23:41  [Warning] No install summary for 'Analysis for MicrosoftOffice365': Graph GET /beta/deviceAppManagement/mobileApps/75626105-a383-4f27-b73c-c44348452bb9/installSummary -> HTTP 400
2026-07-21 07:23:41  [Warning] No install summary for 'Analytics Platform': Graph GET /beta/deviceAppManagement/mobileApps/523a7bb5-7428-44f5-b05b-c662bcd3168f/installSummary -> HTTP 400
2026-07-21 07:23:41  [Warning] No install summary for 'AnalyticsPlatform': Graph GET /beta/deviceAppManagement/mobileApps/515f3f04-6aff-470e-80d7-9c9a180d081e/installSummary -> HTTP 400
2026-07-21 07:23:42  [Warning] No install summary for 'Animator4': Graph GET /beta/deviceAppManagement/mobileApps/94829068-25cb-42cf-ab77-f98b78431953/installSummary -> HTTP 400
2026-07-21 07:23:42  [Warning] No install summary for 'ANSA': Graph GET /beta/deviceAppManagement/mobileApps/12604868-004f-44a0-bc80-c057a395353b/installSummary -> HTTP 400
2026-07-21 07:23:42  [Warning] No install summary for 'AnySign': Graph GET /beta/deviceAppManagement/mobileApps/6c5f299f-1fcd-497b-8bab-7f44486ffaf0/installSummary -> HTTP 400
2026-07-21 07:23:42  [Warning] No install summary for 'AnySign': Graph GET /beta/deviceAppManagement/mobileApps/3509ac66-f836-42a8-9677-a02742875b59/installSummary -> HTTP 400
2026-07-21 07:23:42  [Warning] No install summary for 'AnySign': Graph GET /beta/deviceAppManagement/mobileApps/e6f8436f-161a-4024-b471-e83678485bdd/installSummary -> HTTP 400
2026-07-21 07:23:43  [Warning] No install summary for 'ArcGISEarth': Graph GET /beta/deviceAppManagement/mobileApps/3cd15f80-eac1-40b2-874c-9e984d449678/installSummary -> HTTP 400
2026-07-21 07:23:43  [Warning] No install summary for 'Arduino': Graph GET /beta/deviceAppManagement/mobileApps/fdf8b80b-64ff-4bcf-9e86-ac4f1f27e593/installSummary -> HTTP 400
2026-07-21 07:23:43  [Warning] No install summary for 'ArtemisSuite': Graph GET /beta/deviceAppManagement/mobileApps/a0e9375f-26b5-4343-b6a9-7d613b2f35cf/installSummary -> HTTP 400
2026-07-21 07:23:43  [Warning] No install summary for 'Articulate 360': Graph GET /beta/deviceAppManagement/mobileApps/8f8c2290-bec0-49fb-9425-abc1b1fa4dae/installSummary -> HTTP 400
2026-07-21 07:23:43  [Warning] No install summary for 'ASBwinMAN': Graph GET /beta/deviceAppManagement/mobileApps/8b93cc06-0790-4918-919e-64e5c31b6b5e/installSummary -> HTTP 400
2026-07-21 07:23:43  [Warning] No install summary for 'Attendant Console': Graph GET /beta/deviceAppManagement/mobileApps/58fc7d48-70e1-4b14-a3b8-78a4113cce39/installSummary -> HTTP 400
2026-07-21 07:23:43  [Warning] No install summary for 'AttendantClient': Graph GET /beta/deviceAppManagement/mobileApps/e0f75a49-2f85-445c-b5fd-d3c0db0f8f61/installSummary -> HTTP 400
2026-07-21 07:23:43  [Warning] No install summary for 'AUCOTECview Navigation': Graph GET /beta/deviceAppManagement/mobileApps/cdee21e3-3c10-4522-a558-32f6dd2ebf30/installSummary -> HTTP 400
2026-07-21 07:23:43  [Warning] No install summary for 'Audacity': Graph GET /beta/deviceAppManagement/mobileApps/1eb9ea1b-5132-40c6-97bd-bc8d031ade2b/installSummary -> HTTP 400
2026-07-21 07:23:44  [Warning] No install summary for 'Authentication Client': Graph GET /beta/deviceAppManagement/mobileApps/75307f51-80c9-4bdc-a70c-81f02eeaf779/installSummary -> HTTP 400
2026-07-21 07:23:44  [Warning] No install summary for 'AutoCAD 2024 LT Polish': Graph GET /beta/deviceAppManagement/mobileApps/cb40716c-247b-40e4-be55-c4fe3b7724b4/installSummary -> HTTP 400
2026-07-21 07:23:44  [Warning] No install summary for 'AutoCAD DEU': Graph GET /beta/deviceAppManagement/mobileApps/55a03cfd-1a91-4c40-a0a6-ac94fb45bd9b/installSummary -> HTTP 400
2026-07-21 07:23:44  [Warning] No install summary for 'AutoCAD ENG': Graph GET /beta/deviceAppManagement/mobileApps/d0945b62-c41b-4c8d-beb2-939b0a8480e7/installSummary -> HTTP 400
2026-07-21 07:23:44  [Warning] No install summary for 'AutoCAD LT DEU': Graph GET /beta/deviceAppManagement/mobileApps/bca6cdca-f3ae-4131-9822-739624edaa6a/installSummary -> HTTP 400
2026-07-21 07:23:44  [Warning] No install summary for 'AutoCAD LT ENG': Graph GET /beta/deviceAppManagement/mobileApps/5de5ac68-bfb6-41da-8bc5-503931acfa82/installSummary -> HTTP 400
2026-07-21 07:23:45  [Warning] No install summary for 'AutoCAD Mechanical 2024': Graph GET /beta/deviceAppManagement/mobileApps/d91e45b6-64b5-4bea-937f-1d5191960105/installSummary -> HTTP 400
2026-07-21 07:23:45  [Warning] No install summary for 'AutoCADArchitectureDEU': Graph GET /beta/deviceAppManagement/mobileApps/0c8b4ca5-d2b3-4b75-8767-3807d5adf481/installSummary -> HTTP 400
2026-07-21 07:23:45  [Warning] No install summary for 'AutoCADDEU_NewPSADT4.1.0': Graph GET /beta/deviceAppManagement/mobileApps/ccef284b-d2a0-4353-99a5-14ff17288a66/installSummary -> HTTP 400
2026-07-21 07:23:45  [Warning] No install summary for 'AutoCADLT2024ENG': Graph GET /beta/deviceAppManagement/mobileApps/84d28659-12a6-478a-855a-2fec109aef93/installSummary -> HTTP 400
2026-07-21 07:23:45  [Warning] No install summary for 'AutoCADMANTEDAddOn': Graph GET /beta/deviceAppManagement/mobileApps/80b4e03a-df0c-48fd-b883-d94343355756/installSummary -> HTTP 400
2026-07-21 07:23:45  [Warning] No install summary for 'Autofirma': Graph GET /beta/deviceAppManagement/mobileApps/59ea31e4-4ef1-4ef9-8fd3-b84e30f871db/installSummary -> HTTP 400
2026-07-21 07:23:45  [Warning] No install summary for 'Avidemux': Graph GET /beta/deviceAppManagement/mobileApps/a0dc76d4-e0a4-4b74-8220-90ebbced07f4/installSummary -> HTTP 400
2026-07-21 07:23:46  [Warning] No install summary for 'AWS Command Line Interface': Graph GET /beta/deviceAppManagement/mobileApps/75e8a117-ac7d-4102-b18b-ba5ad02c1ff3/installSummary -> HTTP 400
2026-07-21 07:23:46  [Warning] No install summary for 'AWS Session Manager Plugin': Graph GET /beta/deviceAppManagement/mobileApps/7e0067d3-196f-4b64-9d15-f46fb61bca64/installSummary -> HTTP 400
2026-07-21 07:23:46  [Warning] No install summary for 'BambuStudio': Graph GET /beta/deviceAppManagement/mobileApps/e69a07fe-d257-449a-9813-c4d465f9fbd8/installSummary -> HTTP 400
2026-07-21 07:23:46  [Warning] No install summary for 'BankettprofiClient': Graph GET /beta/deviceAppManagement/mobileApps/c229143c-4dea-47fc-a9eb-205feea33a53/installSummary -> HTTP 400
2026-07-21 07:23:46  [Warning] No install summary for 'BarCodeFonts': Graph GET /beta/deviceAppManagement/mobileApps/4227ccbf-0a2f-4711-a619-1c08ac14fc30/installSummary -> HTTP 400
2026-07-21 07:23:46  [Warning] No install summary for 'Bartender': Graph GET /beta/deviceAppManagement/mobileApps/0b8ba52e-2089-45f9-8a54-1504816a60dd/installSummary -> HTTP 400
2026-07-21 07:23:46  [Warning] No install summary for 'Base': Graph GET /beta/deviceAppManagement/mobileApps/c16ba329-8b61-44c3-91a7-aaf3a2c8daa0/installSummary -> HTTP 400
2026-07-21 07:23:46  [Warning] No install summary for 'BDRVWBX8Z31 Treiber': Graph GET /beta/deviceAppManagement/mobileApps/8a671fd0-5ba6-4c0e-ac0d-b10718a5a677/installSummary -> HTTP 400
2026-07-21 07:23:46  [Warning] No install summary for 'beAClientSecurity': Graph GET /beta/deviceAppManagement/mobileApps/b38ddcb7-8adf-4775-9d5e-98acfd99a0b7/installSummary -> HTTP 400
2026-07-21 07:23:46  [Warning] No install summary for 'Belgium e-ID middleware': Graph GET /beta/deviceAppManagement/mobileApps/3f111562-eec3-4c2f-b338-e390e2d5733c/installSummary -> HTTP 400
2026-07-21 07:23:46  [Warning] No install summary for 'BendingStudio': Graph GET /beta/deviceAppManagement/mobileApps/58e30279-6a75-41a9-8212-072da4d7f944/installSummary -> HTTP 400
2026-07-21 07:23:46  [Warning] No install summary for 'Beyond Compare 5': Graph GET /beta/deviceAppManagement/mobileApps/163323ed-ec86-4cc0-b7bd-8ad2491d01f1/installSummary -> HTTP 400
2026-07-21 07:23:46  [Warning] No install summary for 'BILA': Graph GET /beta/deviceAppManagement/mobileApps/d6e88385-7770-4812-9e85-8a612a88e767/installSummary -> HTTP 400
2026-07-21 07:23:46  [Warning] No install summary for 'BIMvision': Graph GET /beta/deviceAppManagement/mobileApps/d6e9ea25-9596-400b-ba14-c4c15dd116e9/installSummary -> HTTP 400
2026-07-21 07:23:46  [Warning] No install summary for 'BIOSPwdMgmt': Graph GET /beta/deviceAppManagement/mobileApps/dbe7c093-214f-4d5b-925b-cb2a8ee3c517/installSummary -> HTTP 400
2026-07-21 07:23:46  [Warning] No install summary for 'BIOSSettings OOBE': Graph GET /beta/deviceAppManagement/mobileApps/8ced24e7-fdc2-4e0f-afc9-6a4ee618ea2c/installSummary -> HTTP 400
2026-07-21 07:23:46  [Warning] No install summary for 'BIOSSettings OOBE': Graph GET /beta/deviceAppManagement/mobileApps/f6c449b9-b58a-4abe-a34b-905f636f7abf/installSummary -> HTTP 400
2026-07-21 07:23:46  [Warning] No install summary for 'BIOSSettings OOBE': Graph GET /beta/deviceAppManagement/mobileApps/5a40acb8-67d0-44b5-a5d6-c28a071b4bb2/installSummary -> HTTP 400
2026-07-21 07:23:46  [Warning] No install summary for 'BIOSSettings WIN': Graph GET /beta/deviceAppManagement/mobileApps/914a15c6-20d7-4fc3-a04e-82da8e449182/installSummary -> HTTP 400
2026-07-21 07:23:47  [Warning] No install summary for 'BIOSSettings WIN': Graph GET /beta/deviceAppManagement/mobileApps/148c5ae2-268b-4864-9f54-b98c6c5e5d15/installSummary -> HTTP 400
2026-07-21 07:23:47  [Warning] No install summary for 'BIOSSettings WIN': Graph GET /beta/deviceAppManagement/mobileApps/28769dec-b286-479b-b0ba-cf12514cac30/installSummary -> HTTP 400
2026-07-21 07:23:47  [Warning] No install summary for 'BizagiStudio': Graph GET /beta/deviceAppManagement/mobileApps/86113b81-775b-4b0f-af5f-157e25cda368/installSummary -> HTTP 400
2026-07-21 07:23:47  [Warning] No install summary for 'BJW Test': Graph GET /beta/deviceAppManagement/mobileApps/821f608a-7aee-4093-bb89-2f43250b53b6/installSummary -> HTTP 400
2026-07-21 07:23:47  [Warning] No install summary for 'BJW TEST Dependent': Graph GET /beta/deviceAppManagement/mobileApps/3a7b114e-5cc3-4175-9fa1-04ff712969df/installSummary -> HTTP 400
2026-07-21 07:23:48  [Warning] No install summary for 'BJW TEST v1': Graph GET /beta/deviceAppManagement/mobileApps/a918f245-b9d4-4f8a-8060-59e1e32158c8/installSummary -> HTTP 400
2026-07-21 07:23:48  [Warning] No install summary for 'BJW TEST v2': Graph GET /beta/deviceAppManagement/mobileApps/15487661-ad45-45ea-b809-1a0753e9c5eb/installSummary -> HTTP 400
2026-07-21 07:23:48  [Warning] No install summary for 'BJW TEST v3': Graph GET /beta/deviceAppManagement/mobileApps/ca730fa8-b7a6-44c7-9499-21b05facb681/installSummary -> HTTP 400
2026-07-21 07:23:49  [Warning] No install summary for 'BloxOne Endpoint': Graph GET /beta/deviceAppManagement/mobileApps/1307b5ff-d8cb-44e5-b921-92290423f278/installSummary -> HTTP 400
2026-07-21 07:23:49  [Warning] No install summary for 'BloxOne Endpoint': Graph GET /beta/deviceAppManagement/mobileApps/d8c0b69a-a1d8-4641-bc08-a2f2bed09406/installSummary -> HTTP 400
2026-07-21 07:23:49  [Warning] No install summary for 'bPAC3ClientComponent': Graph GET /beta/deviceAppManagement/mobileApps/883fad77-b58e-4984-a03f-2b6eea89f51b/installSummary -> HTTP 400
2026-07-21 07:23:49  [Warning] No install summary for 'Broadcast': Graph GET /beta/deviceAppManagement/mobileApps/8397325d-0b2e-455d-9b2d-b38731f202c2/installSummary -> HTTP 400
2026-07-21 07:23:49  [Warning] No install summary for 'Business One': Graph GET /beta/deviceAppManagement/mobileApps/d15b249f-f04e-4a6f-bdc7-002d1dec4fc5/installSummary -> HTTP 400
2026-07-21 07:23:49  [Warning] No install summary for 'BUSMASTER': Graph GET /beta/deviceAppManagement/mobileApps/5c1f8843-dd2d-49d3-a886-152642663106/installSummary -> HTTP 400
2026-07-21 07:23:49  [Warning] No install summary for 'CAMWorks': Graph GET /beta/deviceAppManagement/mobileApps/ee77f20f-96ea-4542-8577-27facc69f5dd/installSummary -> HTTP 400
2026-07-21 07:23:49  [Warning] No install summary for 'CANalyzer': Graph GET /beta/deviceAppManagement/mobileApps/f8f5c7e9-5165-4046-aae4-09795f63806d/installSummary -> HTTP 400
2026-07-21 07:23:50  [Warning] No install summary for 'CANalyzer': Graph GET /beta/deviceAppManagement/mobileApps/612b7443-0fc3-4e68-b0c7-16ba683602d1/installSummary -> HTTP 400
2026-07-21 07:23:50  [Warning] No install summary for 'CANalyzer': Graph GET /beta/deviceAppManagement/mobileApps/e9924b1c-fc3f-4730-b08f-b0248c2c1993/installSummary -> HTTP 400
2026-07-21 07:23:50  [Warning] No install summary for 'CANalyzer': Graph GET /beta/deviceAppManagement/mobileApps/e57579af-f890-4a1a-8aca-bb4e67b17e06/installSummary -> HTTP 400
2026-07-21 07:23:51  [Warning] No install summary for 'CANape': Graph GET /beta/deviceAppManagement/mobileApps/006b8ebe-bc45-4cc5-9368-ed6f6499ead5/installSummary -> HTTP 400
2026-07-21 07:23:51  [Warning] No install summary for 'CANdelaStudio': Graph GET /beta/deviceAppManagement/mobileApps/4fdb7182-8dd8-49bd-b34f-ae3de5a77def/installSummary -> HTTP 400
2026-07-21 07:23:51  [Warning] No install summary for 'CanDriversWHCP': Graph GET /beta/deviceAppManagement/mobileApps/b27054b6-13f3-45c6-b88e-dc649ea05ea8/installSummary -> HTTP 400
2026-07-21 07:23:51  [Warning] No install summary for 'CANoe': Graph GET /beta/deviceAppManagement/mobileApps/be67233d-991b-4ee9-af60-22ef9aeea469/installSummary -> HTTP 400
2026-07-21 07:23:52  [Warning] No install summary for 'CANoe': Graph GET /beta/deviceAppManagement/mobileApps/be06e9e3-2ab9-4067-80c4-6cb84d869bed/installSummary -> HTTP 400
2026-07-21 07:23:52  [Warning] No install summary for 'CANoe': Graph GET /beta/deviceAppManagement/mobileApps/10199f3b-d8d3-4c84-a67d-d57aae03b768/installSummary -> HTTP 400
2026-07-21 07:23:52  [Warning] No install summary for 'Canon Generic Plus PS3': Graph GET /beta/deviceAppManagement/mobileApps/4de9bee9-8ead-4b2f-993f-09953bf478d4/installSummary -> HTTP 400
2026-07-21 07:23:52  [Warning] No install summary for 'Canon Generic Plus PS3': Graph GET /beta/deviceAppManagement/mobileApps/bb67722d-befa-4cef-a727-cce45a999c96/installSummary -> HTTP 400
2026-07-21 07:23:53  [Warning] No install summary for 'Canon Generic Printer Driver': Graph GET /beta/deviceAppManagement/mobileApps/816a77b8-941b-4e9f-8f4c-42fbb95676e7/installSummary -> HTTP 400
2026-07-21 07:23:53  [Warning] No install summary for 'Canon ipf830 Driver': Graph GET /beta/deviceAppManagement/mobileApps/f811ff18-2bb0-42ba-b43f-d639fc638afe/installSummary -> HTTP 400
2026-07-21 07:23:53  [Warning] No install summary for 'CanonGenericPlusPS3-UPD': Graph GET /beta/deviceAppManagement/mobileApps/67390938-fe1a-4344-9878-773462f639e2/installSummary -> HTTP 400
2026-07-21 07:23:53  [Warning] No install summary for 'CAPI2 Eventlog': Graph GET /beta/deviceAppManagement/mobileApps/40b630b0-197f-41f3-8097-c1c854611c4a/installSummary -> HTTP 400
2026-07-21 07:23:53  [Warning] No install summary for 'Captiva Capture ADMIN': Graph GET /beta/deviceAppManagement/mobileApps/9326825e-116b-40cd-9650-ec88fa3d2708/installSummary -> HTTP 400
2026-07-21 07:23:53  [Warning] No install summary for 'Card Studio': Graph GET /beta/deviceAppManagement/mobileApps/a4b57dc1-7e21-4209-b362-7b81c453c885/installSummary -> HTTP 400
2026-07-21 07:23:53  [Warning] No install summary for 'Cardtool': Graph GET /beta/deviceAppManagement/mobileApps/cf82ec0d-6e7c-4aa3-8e31-8747fd1a1fc8/installSummary -> HTTP 400
2026-07-21 07:23:53  [Warning] No install summary for 'Cardumbuchung': Graph GET /beta/deviceAppManagement/mobileApps/077a8d58-f010-4da2-a79f-43a3bde7a212/installSummary -> HTTP 400
2026-07-21 07:23:53  [Warning] No install summary for 'carFirma': Graph GET /beta/deviceAppManagement/mobileApps/0d2770f3-e762-4291-8feb-68cfff7f6623/installSummary -> HTTP 400
2026-07-21 07:23:53  [Warning] No install summary for 'CASCADOSXI': Graph GET /beta/deviceAppManagement/mobileApps/dd57ca2b-b1f5-453a-82ec-83786e321abf/installSummary -> HTTP 400
2026-07-21 07:23:53  [Warning] No install summary for 'CATIA': Graph GET /beta/deviceAppManagement/mobileApps/ab44b58a-bb9f-4e50-96dc-dae050adc2d2/installSummary -> HTTP 400
2026-07-21 07:23:53  [Warning] No install summary for 'CATIA AddOn 3DCS': Graph GET /beta/deviceAppManagement/mobileApps/2ffdc056-72b3-445f-a24b-08642a8363ee/installSummary -> HTTP 400
2026-07-21 07:23:53  [Warning] No install summary for 'CATIAAddOnCAARADE': Graph GET /beta/deviceAppManagement/mobileApps/4c140e12-9fe5-4642-af52-fefb7afe6e4f/installSummary -> HTTP 400
2026-07-21 07:23:53  [Warning] No install summary for 'CATIAAddOnRAMSISNextGen': Graph GET /beta/deviceAppManagement/mobileApps/1845a873-4eb6-4010-9d0d-ea0addae0c53/installSummary -> HTTP 400
2026-07-21 07:23:53  [Warning] No install summary for 'CATIAAddOnSimcenterFloEFD': Graph GET /beta/deviceAppManagement/mobileApps/e91a4300-639c-4fd8-99bf-37bda19e6000/installSummary -> HTTP 400
2026-07-21 07:23:53  [Warning] No install summary for 'CATIAAddOnSimcenterFloEFD2205': Graph GET /beta/deviceAppManagement/mobileApps/7783c0db-335a-4d83-b750-7bf4843cf2e4/installSummary -> HTTP 400
2026-07-21 07:23:53  [Warning] No install summary for 'Cayman': Graph GET /beta/deviceAppManagement/mobileApps/e356a28c-b274-4a90-a934-a97a86266085/installSummary -> HTTP 400
2026-07-21 07:23:53  [Warning] No install summary for 'CCDesktopApp': Graph GET /beta/deviceAppManagement/mobileApps/90714db4-7867-4a93-a208-69e8ef65e457/installSummary -> HTTP 400
2026-07-21 07:23:54  [Warning] No install summary for 'CCDesktopApp': Graph GET /beta/deviceAppManagement/mobileApps/05aebfd2-c2ef-400a-8374-74b560c9228f/installSummary -> HTTP 400
2026-07-21 07:23:54  [Warning] No install summary for 'CDMDriverPackage': Graph GET /beta/deviceAppManagement/mobileApps/56636cf3-5b5a-421c-86e0-570c734a8570/installSummary -> HTTP 400
2026-07-21 07:23:54  [Warning] No install summary for 'Ceus': Graph GET /beta/deviceAppManagement/mobileApps/7e21986d-2272-4742-a371-1b7dc913a734/installSummary -> HTTP 400
2026-07-21 07:23:54  [Warning] No install summary for 'Cherry SmartCard Package': Graph GET /beta/deviceAppManagement/mobileApps/7b5fc6db-f74b-4007-bd1d-bacb76b60ec1/installSummary -> HTTP 400
2026-07-21 07:23:54  [Warning] No install summary for 'CIM Database Desktop': Graph GET /beta/deviceAppManagement/mobileApps/d2f57276-b6c4-46b3-8173-a8644b0a2131/installSummary -> HTTP 400
2026-07-21 07:23:54  [Warning] No install summary for 'Citavi': Graph GET /beta/deviceAppManagement/mobileApps/d52e9c87-9660-45fd-827e-89b0ddaa9687/installSummary -> HTTP 400
2026-07-21 07:23:54  [Warning] No install summary for 'CITO2': Graph GET /beta/deviceAppManagement/mobileApps/ba68928e-22be-4509-97bf-22452db5b5e6/installSummary -> HTTP 400
2026-07-21 07:23:54  [Warning] No install summary for 'ClickShare Extension Pack': Graph GET /beta/deviceAppManagement/mobileApps/612ffbe0-fe47-4b39-995e-d0c3b406ce2e/installSummary -> HTTP 400
2026-07-21 07:23:54  [Warning] No install summary for 'ClickShareExtensionPack-UPD': Graph GET /beta/deviceAppManagement/mobileApps/5ed44c6e-1a9e-4ed2-921f-f266b8a757c4/installSummary -> HTTP 400
2026-07-21 07:23:54  [Warning] No install summary for 'Client Center For Configuration Manager': Graph GET /beta/deviceAppManagement/mobileApps/8df002ba-2902-4101-9325-f78a3a0eeb2a/installSummary -> HTTP 400
2026-07-21 07:23:54  [Warning] No install summary for 'Client Scan modul': Graph GET /beta/deviceAppManagement/mobileApps/a42eabd0-96d5-4dc9-b1cb-7aa4c17d016a/installSummary -> HTTP 400
2026-07-21 07:23:55  [Warning] No install summary for 'ClientMANAdmin': Graph GET /beta/deviceAppManagement/mobileApps/190c624d-ac53-4c7c-bdd1-101c4b9d7dcf/installSummary -> HTTP 400
2026-07-21 07:23:55  [Warning] No install summary for 'ClientScanmodul': Graph GET /beta/deviceAppManagement/mobileApps/24568ae3-3e2b-4676-83ab-f51223c254a7/installSummary -> HTTP 400
2026-07-21 07:23:55  [Warning] No install summary for 'ClientSimple': Graph GET /beta/deviceAppManagement/mobileApps/57f29c9f-9a07-4619-9022-7c4c75e0d572/installSummary -> HTTP 400
2026-07-21 07:23:55  [Warning] No install summary for 'CloudCompareStudio': Graph GET /beta/deviceAppManagement/mobileApps/faa551ed-10ef-4ed5-85e0-5ef23223f65a/installSummary -> HTTP 400
2026-07-21 07:23:55  [Warning] No install summary for 'CMM Agent': Graph GET /beta/deviceAppManagement/mobileApps/177dce1e-6dd8-4fdd-93d1-1ee64199737d/installSummary -> HTTP 400
2026-07-21 07:23:55  [Warning] No install summary for 'Codemeter Runtime Kit': Graph GET /beta/deviceAppManagement/mobileApps/854fda72-8bfd-4ed0-890e-2c296dd6a3a4/installSummary -> HTTP 400
2026-07-21 07:23:55  [Warning] No install summary for 'CodeMeter Runtime Kit': Graph GET /beta/deviceAppManagement/mobileApps/40462122-5bf5-4f3d-9750-9b940cb182ab/installSummary -> HTTP 400
2026-07-21 07:23:56  [Warning] No install summary for 'ColorCAREToolbox': Graph GET /beta/deviceAppManagement/mobileApps/e71c7d4a-5064-44ca-b47f-ca1cd7442527/installSummary -> HTTP 400
2026-07-21 07:23:56  [Warning] No install summary for 'Communication Information Lockscreen': Graph GET /beta/deviceAppManagement/mobileApps/59cd07c2-3d39-444d-aadb-ea9c72a559d7/installSummary -> HTTP 400
2026-07-21 07:23:56  [Warning] No install summary for 'Condmaster Ruby 2022': Graph GET /beta/deviceAppManagement/mobileApps/15ece970-b6e5-45fa-b166-974b0ccd7e69/installSummary -> HTTP 400
2026-07-21 07:23:56  [Warning] No install summary for 'ConferenceShare': Graph GET /beta/deviceAppManagement/mobileApps/744ee4cb-c558-48e5-9f2d-1cd641f1ffd0/installSummary -> HTTP 400
2026-07-21 07:23:56  [Warning] No install summary for 'conjectFM Client': Graph GET /beta/deviceAppManagement/mobileApps/5e8c8752-456f-4c1b-a932-8d38b2f1f397/installSummary -> HTTP 400
2026-07-21 07:23:56  [Warning] No install summary for 'Connect for Desktop': Graph GET /beta/deviceAppManagement/mobileApps/ba142a3b-996a-402e-ae4e-0d78e14efc9d/installSummary -> HTTP 400
2026-07-21 07:23:56  [Warning] No install summary for 'Connect for Desktop': Graph GET /beta/deviceAppManagement/mobileApps/a85ce53d-8b70-40f4-b143-2452eb7708ee/installSummary -> HTTP 400
2026-07-21 07:23:57  [Warning] No install summary for 'Connect for Desktop': Graph GET /beta/deviceAppManagement/mobileApps/210bc7b0-02de-4927-b616-900aa8469aaa/installSummary -> HTTP 400
2026-07-21 07:23:57  [Warning] No install summary for 'ConnectClient': Graph GET /beta/deviceAppManagement/mobileApps/8691ce82-4f9a-4888-9814-6aebb73bcffb/installSummary -> HTTP 400
2026-07-21 07:23:57  [Warning] No install summary for 'ConnectforDesktop-UPD': Graph GET /beta/deviceAppManagement/mobileApps/26a1ee80-6817-4216-87d9-2dbfccd9d6df/installSummary -> HTTP 400
2026-07-21 07:23:57  [Warning] No install summary for 'Control': Graph GET /beta/deviceAppManagement/mobileApps/56b03f17-d15d-4164-bde2-4c738c482aa6/installSummary -> HTTP 400
2026-07-21 07:23:57  [Warning] No install summary for 'CorelDRAW Graphics Suite 2017': Graph GET /beta/deviceAppManagement/mobileApps/50cc8127-cbdb-4082-8c54-03be34502326/installSummary -> HTTP 400
2026-07-21 07:23:57  [Warning] No install summary for 'Corporate Design MAN': Graph GET /beta/deviceAppManagement/mobileApps/c95369e0-c434-4b08-a78e-db372502a94a/installSummary -> HTTP 400
2026-07-21 07:23:57  [Warning] No install summary for 'Corretto': Graph GET /beta/deviceAppManagement/mobileApps/cb647105-59ca-47f0-9303-7a7b3e18d25b/installSummary -> HTTP 400
2026-07-21 07:23:57  [Warning] No install summary for 'Crealis': Graph GET /beta/deviceAppManagement/mobileApps/fb5b6f89-ae68-48d9-88b6-9e0c47dd279f/installSummary -> HTTP 400
2026-07-21 07:23:57  [Warning] No install summary for 'Creative Cloud Desktop': Graph GET /beta/deviceAppManagement/mobileApps/dfa7ca8f-8c57-4c86-82f6-d8f1c1c505b3/installSummary -> HTTP 400
2026-07-21 07:23:57  [Warning] No install summary for 'CreoViewMAN': Graph GET /beta/deviceAppManagement/mobileApps/a07824a3-0a13-4805-88c4-69f55826a916/installSummary -> HTTP 400
2026-07-21 07:23:57  [Warning] No install summary for 'Crystal Reports Runtime': Graph GET /beta/deviceAppManagement/mobileApps/06ac9425-5acd-4855-ae28-dc63900db455/installSummary -> HTTP 400
2026-07-21 07:23:57  [Warning] No install summary for 'CSLeakReporter': Graph GET /beta/deviceAppManagement/mobileApps/83d4ce70-aee4-4a5b-84b9-90076c796972/installSummary -> HTTP 400
2026-07-21 07:23:57  [Warning] No install summary for 'CSMconfig': Graph GET /beta/deviceAppManagement/mobileApps/11f45389-a428-472b-8bef-8286e1bfdf01/installSummary -> HTTP 400
2026-07-21 07:23:57  [Warning] No install summary for 'CSVed': Graph GET /beta/deviceAppManagement/mobileApps/5e279040-0378-4a94-863f-36c839d3370f/installSummary -> HTTP 400
2026-07-21 07:23:57  [Warning] No install summary for 'CustoDiagnostic': Graph GET /beta/deviceAppManagement/mobileApps/d8f80fe4-962c-4af5-99aa-f387bd0f014b/installSummary -> HTTP 400
2026-07-21 07:23:57  [Warning] No install summary for 'DAKS': Graph GET /beta/deviceAppManagement/mobileApps/ec1b3595-7f5e-4697-a1c3-788fd3cd47ff/installSummary -> HTTP 400
2026-07-21 07:23:57  [Warning] No install summary for 'DameWare Mini Remote Control GUI': Graph GET /beta/deviceAppManagement/mobileApps/4a801fb9-21d3-4d6c-8f1e-771097e2d387/installSummary -> HTTP 400
2026-07-21 07:23:57  [Warning] No install summary for 'DameWare Mini Remote Control GUI': Graph GET /beta/deviceAppManagement/mobileApps/f2fae0ab-3c87-4df3-9e20-e340de3cd2b1/installSummary -> HTTP 400
2026-07-21 07:23:58  [Warning] No install summary for 'DART Viewer': Graph GET /beta/deviceAppManagement/mobileApps/934d1726-52e3-42ec-a6bd-e7c3f6e2c2f2/installSummary -> HTTP 400
2026-07-21 07:23:58  [Warning] No install summary for 'Data Server Runtime Client': Graph GET /beta/deviceAppManagement/mobileApps/6df886e6-0a69-4d01-88e0-4543b80303c0/installSummary -> HTTP 400
2026-07-21 07:23:58  [Warning] No install summary for 'Data Server Runtime Client': Graph GET /beta/deviceAppManagement/mobileApps/4e158b2c-012a-4a77-a11d-8323b61a677d/installSummary -> HTTP 400
2026-07-21 07:23:58  [Warning] No install summary for 'DatabaseTools': Graph GET /beta/deviceAppManagement/mobileApps/5a135875-6982-45ce-8cca-23f25e28b665/installSummary -> HTTP 400
2026-07-21 07:23:58  [Warning] No install summary for 'Datagate': Graph GET /beta/deviceAppManagement/mobileApps/3c52f0dc-d74b-4428-bc9e-8c095437a5df/installSummary -> HTTP 400
2026-07-21 07:23:59  [Warning] No install summary for 'DBeaver': Graph GET /beta/deviceAppManagement/mobileApps/c87bb67a-c348-43d9-abe7-e3b6f7b484de/installSummary -> HTTP 400
2026-07-21 07:23:59  [Warning] No install summary for 'DC_App2Brak': Graph GET /beta/deviceAppManagement/mobileApps/73b758d7-c376-4d6c-86ba-8494040652b7/installSummary -> HTTP 400
2026-07-21 07:23:59  [Warning] No install summary for 'DCSViewer': Graph GET /beta/deviceAppManagement/mobileApps/6a1b75f8-69f2-4643-978c-33f0122046cc/installSummary -> HTTP 400
2026-07-21 07:23:59  [Warning] No install summary for 'Define Kiosk Wallpaper': Graph GET /beta/deviceAppManagement/mobileApps/b9fdc933-77e1-48c6-870d-aed23c1d2aa0/installSummary -> HTTP 400
2026-07-21 07:23:59  [Warning] No install summary for 'Demag Safe Working Periods': Graph GET /beta/deviceAppManagement/mobileApps/5f91b9f5-068d-4911-8fbd-b586148a7e26/installSummary -> HTTP 400
2026-07-21 07:23:59  [Warning] No install summary for 'Design Review': Graph GET /beta/deviceAppManagement/mobileApps/1d53ab85-4019-4e7d-8562-f2ce0d031d30/installSummary -> HTTP 400
2026-07-21 07:23:59  [Warning] No install summary for 'DesignAndPrint': Graph GET /beta/deviceAppManagement/mobileApps/0f063789-4b4d-4760-a0f2-43e18f1946e8/installSummary -> HTTP 400
2026-07-21 07:23:59  [Warning] No install summary for 'Desktop Reader': Graph GET /beta/deviceAppManagement/mobileApps/b916e0e4-3178-45ab-b01c-e51bf679b45b/installSummary -> HTTP 400
2026-07-21 07:23:59  [Warning] No install summary for 'DesktopViewer': Graph GET /beta/deviceAppManagement/mobileApps/60ea0cea-1fc3-4e43-9b9c-6f91643efc54/installSummary -> HTTP 400
2026-07-21 07:23:59  [Warning] No install summary for 'DewesoftX': Graph GET /beta/deviceAppManagement/mobileApps/6d3ecee8-1440-4926-b533-0a1ae0642939/installSummary -> HTTP 400
2026-07-21 07:23:59  [Warning] No install summary for 'DIAdem': Graph GET /beta/deviceAppManagement/mobileApps/70c8113a-1583-438c-bc79-d5d62c9a31ba/installSummary -> HTTP 400
2026-07-21 07:23:59  [Warning] No install summary for 'DiagRA': Graph GET /beta/deviceAppManagement/mobileApps/1b49d4b0-c005-43c3-a984-11a4b57b5e50/installSummary -> HTTP 400
2026-07-21 07:23:59  [Warning] No install summary for 'DIALuxevo': Graph GET /beta/deviceAppManagement/mobileApps/65c0f724-8daa-4d04-b85e-6de70ad00059/installSummary -> HTTP 400
2026-07-21 07:23:59  [Warning] No install summary for 'DiffPlug': Graph GET /beta/deviceAppManagement/mobileApps/f6c7649e-0ae3-4579-9212-1c87a896af26/installSummary -> HTTP 400
2026-07-21 07:23:59  [Warning] No install summary for 'Dino Capture': Graph GET /beta/deviceAppManagement/mobileApps/2521bdda-1741-4f2e-8195-d950f0b1aec9/installSummary -> HTTP 400
2026-07-21 07:23:59  [Warning] No install summary for 'DiotaPlayer': Graph GET /beta/deviceAppManagement/mobileApps/8395beeb-180b-47c0-926f-05572d0ecfe6/installSummary -> HTTP 400
2026-07-21 07:23:59  [Warning] No install summary for 'DirektPro': Graph GET /beta/deviceAppManagement/mobileApps/48a861e9-d0e3-46c5-b4e8-489a99760cf9/installSummary -> HTTP 400
2026-07-21 07:23:59  [Warning] No install summary for 'DirXManager': Graph GET /beta/deviceAppManagement/mobileApps/0b77cd57-0246-4a23-924b-f451247eaeb1/installSummary -> HTTP 400
2026-07-21 07:23:59  [Warning] No install summary for 'Disable WLAN Switch': Graph GET /beta/deviceAppManagement/mobileApps/3ccd22a5-3bf9-4163-9ffa-2aea00a451a3/installSummary -> HTTP 400
2026-07-21 07:23:59  [Warning] No install summary for 'DisigWebSigner': Graph GET /beta/deviceAppManagement/mobileApps/e32eafd3-202d-4831-b05a-6eeef50a6f92/installSummary -> HTTP 400
2026-07-21 07:24:00  [Warning] No install summary for 'DIVA Dynamics Basis': Graph GET /beta/deviceAppManagement/mobileApps/d4d25fa4-1968-4361-b6a5-8b270fa2c452/installSummary -> HTTP 400
2026-07-21 07:24:00  [Warning] No install summary for 'DIVADynamicsPRODNBG': Graph GET /beta/deviceAppManagement/mobileApps/1f690e88-ee0d-4b09-9496-2baccefeb00c/installSummary -> HTTP 400
2026-07-21 07:24:00  [Warning] No install summary for 'Dock Manager': Graph GET /beta/deviceAppManagement/mobileApps/ae5d5d37-c30c-422c-b6a4-f5cc77ba2e73/installSummary -> HTTP 400
2026-07-21 07:24:00  [Warning] No install summary for 'Docuguide': Graph GET /beta/deviceAppManagement/mobileApps/37e652d0-17e8-4362-83cb-4fbe82faabc0/installSummary -> HTTP 400
2026-07-21 07:24:00  [Warning] No install summary for 'DPDUAPI': Graph GET /beta/deviceAppManagement/mobileApps/316c6277-a7b5-4f9d-abac-d890b33065a8/installSummary -> HTTP 400
2026-07-21 07:24:00  [Warning] No install summary for 'DraftSight': Graph GET /beta/deviceAppManagement/mobileApps/48845fd5-6b92-452d-b296-2a2ffbbcadb0/installSummary -> HTTP 400
2026-07-21 07:24:00  [Warning] No install summary for 'Drawio': Graph GET /beta/deviceAppManagement/mobileApps/2c4761d8-7a3a-403c-9936-6c0446f71f88/installSummary -> HTTP 400
2026-07-21 07:24:00  [Warning] No install summary for 'DRM140': Graph GET /beta/deviceAppManagement/mobileApps/319c1e39-59e2-4a36-b83f-941360f6a35f/installSummary -> HTTP 400
2026-07-21 07:24:00  [Warning] No install summary for 'DSuiteeIDAS': Graph GET /beta/deviceAppManagement/mobileApps/157d8f99-a55a-4f95-9a51-d4cf288389e0/installSummary -> HTTP 400
2026-07-21 07:24:00  [Warning] No install summary for 'DSVClient': Graph GET /beta/deviceAppManagement/mobileApps/f97c8ff5-f11b-49a1-9e0f-d20384a024e6/installSummary -> HTTP 400
2026-07-21 07:24:00  [Warning] No install summary for 'DTC4500EDRIVER': Graph GET /beta/deviceAppManagement/mobileApps/3b15b2e9-1d4d-4979-994e-e5505349b912/installSummary -> HTTP 400
2026-07-21 07:24:00  [Warning] No install summary for 'DWGTrueView': Graph GET /beta/deviceAppManagement/mobileApps/f1a120c0-3b98-43a8-98c4-a03b8643bae4/installSummary -> HTTP 400
2026-07-21 07:24:00  [Warning] No install summary for 'DYMO Label': Graph GET /beta/deviceAppManagement/mobileApps/24e5de54-689a-4921-a91c-eb2df4ae4155/installSummary -> HTTP 400
2026-07-21 07:24:01  [Warning] No install summary for 'Dymola2022x': Graph GET /beta/deviceAppManagement/mobileApps/74ac4bde-3f63-4f9f-868e-ac77802bf30e/installSummary -> HTTP 400
2026-07-21 07:24:01  [Warning] No install summary for 'EasyCoder PX4i PrintDriver': Graph GET /beta/deviceAppManagement/mobileApps/6706a18c-447a-4ddd-acd0-f21b93e94ed8/installSummary -> HTTP 400
2026-07-21 07:24:01  [Warning] No install summary for 'easyLink': Graph GET /beta/deviceAppManagement/mobileApps/40601abc-632f-4feb-be4e-f7156414f191/installSummary -> HTTP 400
2026-07-21 07:24:01  [Warning] No install summary for 'Eclipse IDE 202003': Graph GET /beta/deviceAppManagement/mobileApps/d61f1fcf-3472-4827-a841-a631f361c2c0/installSummary -> HTTP 400
2026-07-21 07:24:01  [Warning] No install summary for 'EHANDBOOK NAVIGATOR': Graph GET /beta/deviceAppManagement/mobileApps/8abe47a4-e1bb-46b2-914f-a8e5ff7e83d5/installSummary -> HTTP 400
2026-07-21 07:24:01  [Warning] No install summary for 'Elda': Graph GET /beta/deviceAppManagement/mobileApps/5f356a4a-2fce-40a5-b622-16a561caea14/installSummary -> HTTP 400
2026-07-21 07:24:01  [Warning] No install summary for 'Elda': Graph GET /beta/deviceAppManagement/mobileApps/8f21b0d0-4a63-4775-bcfc-6d277e4dba1f/installSummary -> HTTP 400
2026-07-21 07:24:01  [Warning] No install summary for 'ElgatoStreamDeck': Graph GET /beta/deviceAppManagement/mobileApps/9249ab34-1821-40d0-b87c-f1a29684c7b3/installSummary -> HTTP 400
2026-07-21 07:24:01  [Warning] No install summary for 'Elite Mini 600 G9 BIOS Update': Graph GET /beta/deviceAppManagement/mobileApps/7adb5df8-2862-4dff-a716-a2d9a6ccbc0f/installSummary -> HTTP 400
2026-07-21 07:24:01  [Warning] No install summary for 'Elite Tower 600 G9 BIOS Update': Graph GET /beta/deviceAppManagement/mobileApps/1772ff2f-26b0-4dd0-a641-df6cd1c1aa3f/installSummary -> HTTP 400
2026-07-21 07:24:01  [Warning] No install summary for 'Elite x360 830 G9 BIOS Update': Graph GET /beta/deviceAppManagement/mobileApps/d87d2e8f-1f5f-4648-83d0-f0bdd054c168/installSummary -> HTTP 400
2026-07-21 07:24:01  [Warning] No install summary for 'EliteBook 6x0 G10 BIOS Update': Graph GET /beta/deviceAppManagement/mobileApps/3fa387fa-6939-4ee8-8d6c-4ff5a3aec88c/installSummary -> HTTP 400
2026-07-21 07:24:01  [Warning] No install summary for 'EliteBook 6x0 G9 BIOS Update': Graph GET /beta/deviceAppManagement/mobileApps/5d011f40-835a-4507-8ff2-3aba34739e5e/installSummary -> HTTP 400
2026-07-21 07:24:01  [Warning] No install summary for 'EliteBook 8x0 G8 BIOS Update': Graph GET /beta/deviceAppManagement/mobileApps/38c98600-95fe-4ec2-8618-5ef237884efd/installSummary -> HTTP 400
2026-07-21 07:24:02  [Warning] No install summary for 'EliteBook x360 830 G8 BIOS Update': Graph GET /beta/deviceAppManagement/mobileApps/f234b644-b174-42fc-a8ed-16ef13390218/installSummary -> HTTP 400
2026-07-21 07:24:02  [Warning] No install summary for 'EliteDesk 800 G6 DM BIOS Update': Graph GET /beta/deviceAppManagement/mobileApps/012f75ee-e9f2-40d6-a008-a78c75531810/installSummary -> HTTP 400
2026-07-21 07:24:02  [Warning] No install summary for 'ELOenterprise Client': Graph GET /beta/deviceAppManagement/mobileApps/330bdd34-3d41-451a-88c4-4c60e3bf9e72/installSummary -> HTTP 400
2026-07-21 07:24:02  [Warning] No install summary for 'EMC Runner': Graph GET /beta/deviceAppManagement/mobileApps/154750a0-2bdf-4334-a240-d1094a0810ff/installSummary -> HTTP 400
2026-07-21 07:24:02  [Warning] No install summary for 'Emualte3D 2022': Graph GET /beta/deviceAppManagement/mobileApps/5cdc3db2-6b96-4a70-8871-226e5217e847/installSummary -> HTTP 400
2026-07-21 07:24:02  [Warning] No install summary for 'EnableNowInstantProducer': Graph GET /beta/deviceAppManagement/mobileApps/f30b35f9-8725-4d90-8730-3ce8923ca52d/installSummary -> HTTP 400
2026-07-21 07:24:02  [Warning] No install summary for 'EnableNowProducer': Graph GET /beta/deviceAppManagement/mobileApps/6ecc5c0c-7cee-40de-a259-03f0c59994a6/installSummary -> HTTP 400
2026-07-21 07:24:02  [Warning] No install summary for 'ENCARD': Graph GET /beta/deviceAppManagement/mobileApps/39d76c87-41d9-43f3-bd25-5a9ccb17976c/installSummary -> HTTP 400
2026-07-21 07:24:02  [Warning] No install summary for 'Endpoint Security': Graph GET /beta/deviceAppManagement/mobileApps/e04eb89a-85b3-4b66-8332-f5da06167af4/installSummary -> HTTP 400
2026-07-21 07:24:02  [Warning] No install summary for 'Energy Analyze Plus': Graph GET /beta/deviceAppManagement/mobileApps/657da875-f0c1-4cee-bae6-8880553139f6/installSummary -> HTTP 400
2026-07-21 07:24:02  [Warning] No install summary for 'ePageSafer': Graph GET /beta/deviceAppManagement/mobileApps/add57de0-42e2-4905-ac48-ef7aa5dd808d/installSummary -> HTTP 400
2026-07-21 07:24:02  [Warning] No install summary for 'EPLAN Electric P8 2025': Graph GET /beta/deviceAppManagement/mobileApps/84b37c8e-f12c-4292-80bc-0d6f0b87dfe1/installSummary -> HTTP 400
2026-07-21 07:24:02  [Warning] No install summary for 'EPLAN License Client': Graph GET /beta/deviceAppManagement/mobileApps/c8a6e799-84e0-4936-a261-93e52ab794f2/installSummary -> HTTP 400
2026-07-21 07:24:02  [Warning] No install summary for 'Escriba Composer': Graph GET /beta/deviceAppManagement/mobileApps/5e704552-d70a-4dff-a823-c704bdeb3161/installSummary -> HTTP 400
2026-07-21 07:24:02  [Warning] No install summary for 'Escriba Designer': Graph GET /beta/deviceAppManagement/mobileApps/8189ef03-3eff-486c-8fda-bcbaf2de694b/installSummary -> HTTP 400
2026-07-21 07:24:02  [Warning] No install summary for 'essentialsFM': Graph GET /beta/deviceAppManagement/mobileApps/7d50effc-3797-4898-8fd4-5d43cad9492c/installSummary -> HTTP 400
2026-07-21 07:24:02  [Warning] No install summary for 'EXACTConfigurator': Graph GET /beta/deviceAppManagement/mobileApps/486118c6-f748-43e2-9f32-d0a5459d05ab/installSummary -> HTTP 400
2026-07-21 07:24:02  [Warning] No install summary for 'EXOS 9300 Dialog Ausweiserstellung': Graph GET /beta/deviceAppManagement/mobileApps/d1a227a8-eda9-4e08-8418-9941d8917480/installSummary -> HTTP 400
2026-07-21 07:24:02  [Warning] No install summary for 'EXOS 9300 Dialog Personalverwaltung': Graph GET /beta/deviceAppManagement/mobileApps/3f01e897-2166-415c-bb17-0ffb7464a125/installSummary -> HTTP 400
2026-07-21 07:24:02  [Warning] No install summary for 'EXOS 9300 Dialog Systemadministrator': Graph GET /beta/deviceAppManagement/mobileApps/29f6912f-5683-4bd0-a8f5-06f48008fb7c/installSummary -> HTTP 400
2026-07-21 07:24:02  [Warning] No install summary for 'ExrIO': Graph GET /beta/deviceAppManagement/mobileApps/3133fd23-1900-4042-8f35-b5cf2ef9dc45/installSummary -> HTTP 400
2026-07-21 07:24:02  [Warning] No install summary for 'FarnsworthMunsell100HueTest': Graph GET /beta/deviceAppManagement/mobileApps/c016f9cc-3091-417a-84f0-97370fa328bb/installSummary -> HTTP 400
2026-07-21 07:24:02  [Warning] No install summary for 'FASTR': Graph GET /beta/deviceAppManagement/mobileApps/bec5e38a-224a-4130-baa4-00cf5f5eec97/installSummary -> HTTP 400
2026-07-21 07:24:02  [Warning] No install summary for 'FEMFAT': Graph GET /beta/deviceAppManagement/mobileApps/e8a98ffc-cdd7-4da8-a646-34dc42d760bb/installSummary -> HTTP 400
2026-07-21 07:24:02  [Warning] No install summary for 'FEMFAT': Graph GET /beta/deviceAppManagement/mobileApps/6ed6d84a-a3ed-4f3f-99c2-d620ab9795e8/installSummary -> HTTP 400
2026-07-21 07:24:02  [Warning] No install summary for 'Firma4ng Info Camere': Graph GET /beta/deviceAppManagement/mobileApps/183f623c-b726-4639-8e3d-ca6097a864aa/installSummary -> HTTP 400
2026-07-21 07:24:02  [Warning] No install summary for 'Flomaster': Graph GET /beta/deviceAppManagement/mobileApps/96170c1e-c6c3-44bb-b056-aed76e2c880b/installSummary -> HTTP 400
2026-07-21 07:24:03  [Warning] No install summary for 'FluidSimPneumatik': Graph GET /beta/deviceAppManagement/mobileApps/6fa0d3e9-72ec-4669-88bb-df9d337ef438/installSummary -> HTTP 400
2026-07-21 07:24:03  [Warning] No install summary for 'Flux': Graph GET /beta/deviceAppManagement/mobileApps/dfb23f48-706f-4a63-8bac-ccd73e16bcfb/installSummary -> HTTP 400
2026-07-21 07:24:03  [Warning] No install summary for 'FMDesign': Graph GET /beta/deviceAppManagement/mobileApps/0965afca-9d88-4f91-ac93-6bc969dcd61f/installSummary -> HTTP 400
2026-07-21 07:24:03  [Warning] No install summary for 'FormingSuite': Graph GET /beta/deviceAppManagement/mobileApps/d8c5c674-6cb0-4baf-9530-0dc81c736040/installSummary -> HTTP 400
2026-07-21 07:24:03  [Warning] No install summary for 'FreeCommanderXE 2024': Graph GET /beta/deviceAppManagement/mobileApps/8ab15b3c-2d1c-4ee3-b694-4c2dcd4cbf39/installSummary -> HTTP 400
2026-07-21 07:24:03  [Warning] No install summary for 'GefegFX': Graph GET /beta/deviceAppManagement/mobileApps/68865cb3-f968-40fb-984c-3a1e8fa31132/installSummary -> HTTP 400
2026-07-21 07:24:03  [Warning] No install summary for 'Gephi': Graph GET /beta/deviceAppManagement/mobileApps/bbf63e59-7ca2-4ef6-a03f-035f28bb9cdc/installSummary -> HTTP 400
2026-07-21 07:24:03  [Warning] No install summary for 'GetFolderSize': Graph GET /beta/deviceAppManagement/mobileApps/c6335182-e4be-443b-9dae-23403085783d/installSummary -> HTTP 400
2026-07-21 07:24:03  [Warning] No install summary for 'GIMP': Graph GET /beta/deviceAppManagement/mobileApps/e8f51670-1940-47c0-88d9-0404e19cebc8/installSummary -> HTTP 400
2026-07-21 07:24:03  [Warning] No install summary for 'GIMP': Graph GET /beta/deviceAppManagement/mobileApps/9e6ad757-aa02-4181-9154-eb75618b19be/installSummary -> HTTP 400
2026-07-21 07:24:04  [Warning] No install summary for 'GIMP-UPD': Graph GET /beta/deviceAppManagement/mobileApps/413e3300-2bfd-42fc-b009-30619fc9e79f/installSummary -> HTTP 400
2026-07-21 07:24:04  [Warning] No install summary for 'Git For Windows': Graph GET /beta/deviceAppManagement/mobileApps/415b5aa4-c61b-48f0-aa80-1bdcea254ee9/installSummary -> HTTP 400
2026-07-21 07:24:04  [Warning] No install summary for 'GitKraken': Graph GET /beta/deviceAppManagement/mobileApps/eefae86b-a415-409c-a940-8022f44a4f0e/installSummary -> HTTP 400
2026-07-21 07:24:04  [Warning] No install summary for 'Global Print Driver': Graph GET /beta/deviceAppManagement/mobileApps/ad6b71ba-3543-47eb-a05f-224ce354cabf/installSummary -> HTTP 400
2026-07-21 07:24:04  [Warning] No install summary for 'Global Protect': Graph GET /beta/deviceAppManagement/mobileApps/8b9e0d16-a3fc-4c9e-9cd8-1dc0803ee36c/installSummary -> HTTP 400
2026-07-21 07:24:04  [Warning] No install summary for 'Global Protect': Graph GET /beta/deviceAppManagement/mobileApps/f7b2293b-1632-4250-9860-51c1a499f8f0/installSummary -> HTTP 400
2026-07-21 07:24:04  [Warning] No install summary for 'Global Protect': Graph GET /beta/deviceAppManagement/mobileApps/d9c12afb-6dae-450a-aab3-5ce04843352e/installSummary -> HTTP 400
2026-07-21 07:24:05  [Warning] No install summary for 'Global Protect': Graph GET /beta/deviceAppManagement/mobileApps/67de86b4-1d35-4e23-9c73-669de56b7006/installSummary -> HTTP 400
2026-07-21 07:24:05  [Warning] No install summary for 'Global Protect': Graph GET /beta/deviceAppManagement/mobileApps/e2f927be-1379-4e8e-b295-dbc497028de9/installSummary -> HTTP 400
2026-07-21 07:24:05  [Warning] No install summary for 'Global Protect': Graph GET /beta/deviceAppManagement/mobileApps/09bde0e6-6990-4b14-a091-e9bcc149955c/installSummary -> HTTP 400
2026-07-21 07:24:06  [Warning] No install summary for 'Global Protect-UPD': Graph GET /beta/deviceAppManagement/mobileApps/417bcfb7-1eea-4308-8b9f-8fbc6906c5d3/installSummary -> HTTP 400
2026-07-21 07:24:06  [Warning] No install summary for 'Global Protect-UPD': Graph GET /beta/deviceAppManagement/mobileApps/32355b73-179e-42d5-be77-a705f20515a8/installSummary -> HTTP 400
2026-07-21 07:24:06  [Warning] No install summary for 'Global Secure Access': Graph GET /beta/deviceAppManagement/mobileApps/508aa1a4-af56-45ff-a784-e026a0666b87/installSummary -> HTTP 400
2026-07-21 07:24:06  [Warning] No install summary for 'GlobalProtect-UPD': Graph GET /beta/deviceAppManagement/mobileApps/2f0987a8-5216-474a-80fa-9e2776b2c480/installSummary -> HTTP 400
2026-07-21 07:24:06  [Warning] No install summary for 'Google Chrome Test': Graph GET /beta/deviceAppManagement/mobileApps/a243cc16-5afb-4f97-b24e-984b14364f11/installSummary -> HTTP 400
2026-07-21 07:24:06  [Warning] No install summary for 'GoSign Desktop': Graph GET /beta/deviceAppManagement/mobileApps/09adb788-993a-4bac-a968-4a84c36c7374/installSummary -> HTTP 400
2026-07-21 07:24:06  [Warning] No install summary for 'Gpg4win': Graph GET /beta/deviceAppManagement/mobileApps/27f4e375-2f42-4a9c-ad45-bc0e9ed71fc0/installSummary -> HTTP 400
2026-07-21 07:24:06  [Warning] No install summary for 'Gpg4win': Graph GET /beta/deviceAppManagement/mobileApps/1a6ac2bc-85ee-42a2-a36d-e6458c32bbbc/installSummary -> HTTP 400
2026-07-21 07:24:06  [Warning] No install summary for 'GPLGhostscript': Graph GET /beta/deviceAppManagement/mobileApps/aecb9f9c-4b72-4b56-a5ab-1dbd119391f1/installSummary -> HTTP 400
2026-07-21 07:24:06  [Warning] No install summary for 'GrabCADprint': Graph GET /beta/deviceAppManagement/mobileApps/11d09dbc-3341-43fa-9576-fa62dbcbecac/installSummary -> HTTP 400
2026-07-21 07:24:06  [Warning] No install summary for 'Greenshot': Graph GET /beta/deviceAppManagement/mobileApps/2278c31e-ca1e-43e9-ad5a-419bdd6a98fa/installSummary -> HTTP 400
2026-07-21 07:24:06  [Warning] No install summary for 'GTSuiteNBG': Graph GET /beta/deviceAppManagement/mobileApps/85f7ab59-32bc-4b16-8edf-d41cbb389b6a/installSummary -> HTTP 400
2026-07-21 07:24:06  [Warning] No install summary for 'GWKTXP': Graph GET /beta/deviceAppManagement/mobileApps/f57d858e-065b-47dd-8df0-404ba7e581c7/installSummary -> HTTP 400
2026-07-21 07:24:06  [Warning] No install summary for 'HASPDongleTreiberEvovis': Graph GET /beta/deviceAppManagement/mobileApps/89063cda-3d8c-483d-8b2e-05ac7c23a82c/installSummary -> HTTP 400
2026-07-21 07:24:07  [Warning] No install summary for 'HDRLightstudio': Graph GET /beta/deviceAppManagement/mobileApps/47fa8a11-de3f-4bf6-89c4-a8073d63efa8/installSummary -> HTTP 400
2026-07-21 07:24:07  [Warning] No install summary for 'Health AND Safety MUC': Graph GET /beta/deviceAppManagement/mobileApps/37294345-f9bf-4fda-a3e1-b6a9eacb6749/installSummary -> HTTP 400
2026-07-21 07:24:07  [Warning] No install summary for 'Health AND Safety NBG': Graph GET /beta/deviceAppManagement/mobileApps/8775fd98-67ff-4844-a7d7-9de24363c3f3/installSummary -> HTTP 400
2026-07-21 07:24:07  [Warning] No install summary for 'Health AND Safety SLZ': Graph GET /beta/deviceAppManagement/mobileApps/aeda3f85-2f03-45e1-909a-0add8daa5db1/installSummary -> HTTP 400
2026-07-21 07:24:07  [Warning] No install summary for 'HOBOwarefree': Graph GET /beta/deviceAppManagement/mobileApps/328de26b-45e0-4f10-8be9-83e55c400a1f/installSummary -> HTTP 400
2026-07-21 07:24:07  [Warning] No install summary for 'Horizon Client': Graph GET /beta/deviceAppManagement/mobileApps/01d1605f-a32e-4b45-b3d6-8117e1ae1b9b/installSummary -> HTTP 400
2026-07-21 07:24:07  [Warning] No install summary for 'HP Image Assistant': Graph GET /beta/deviceAppManagement/mobileApps/451673e6-1f15-405e-8765-43e0df60e63e/installSummary -> HTTP 400
2026-07-21 07:24:07  [Warning] No install summary for 'HP Image Assistant': Graph GET /beta/deviceAppManagement/mobileApps/82dd284a-eb81-4290-8789-5034a4a59de8/installSummary -> HTTP 400
2026-07-21 07:24:07  [Warning] No install summary for 'HUB Desk Client': Graph GET /beta/deviceAppManagement/mobileApps/4284fbc6-8f73-4d09-9c10-ca0fedacb2ac/installSummary -> HTTP 400
2026-07-21 07:24:08  [Warning] No install summary for 'HUB Desk Client 2024 R1': Graph GET /beta/deviceAppManagement/mobileApps/a9bc3950-ec68-47e5-9519-f66dfc343650/installSummary -> HTTP 400
2026-07-21 07:24:08  [Warning] No install summary for 'HUBDeskClient2024R1-UPD': Graph GET /beta/deviceAppManagement/mobileApps/3bac580d-9a60-4d79-8236-e4c8bfd18ef2/installSummary -> HTTP 400
2026-07-21 07:24:08  [Warning] No install summary for 'HxGN dC3 VideoClient': Graph GET /beta/deviceAppManagement/mobileApps/fe482e7b-4e30-428d-91d2-2047638ac6eb/installSummary -> HTTP 400
2026-07-21 07:24:08  [Warning] No install summary for 'HyGEARS50': Graph GET /beta/deviceAppManagement/mobileApps/63a7f0ac-d3b6-4bd4-b859-e0d210d97723/installSummary -> HTTP 400
2026-07-21 07:24:08  [Warning] No install summary for 'HyperViewPlayer': Graph GET /beta/deviceAppManagement/mobileApps/54216711-3b77-4f49-98ba-71d0fc65452a/installSummary -> HTTP 400
2026-07-21 07:24:08  [Warning] No install summary for 'HyperWorks': Graph GET /beta/deviceAppManagement/mobileApps/70a72a85-c294-40d8-aff6-f876ac099cc1/installSummary -> HTTP 400
2026-07-21 07:24:08  [Warning] No install summary for 'HyperworksInd': Graph GET /beta/deviceAppManagement/mobileApps/c14f76db-43aa-4206-8ac0-b6e746ee30d6/installSummary -> HTTP 400
2026-07-21 07:24:08  [Warning] No install summary for 'I CA SecureStore': Graph GET /beta/deviceAppManagement/mobileApps/683e682b-b2e2-4530-9183-730372823ea1/installSummary -> HTTP 400
2026-07-21 07:24:08  [Warning] No install summary for 'IBS Report 2': Graph GET /beta/deviceAppManagement/mobileApps/d08aea94-b1b5-427f-987d-b5975cf8ee49/installSummary -> HTTP 400
2026-07-21 07:24:08  [Warning] No install summary for 'ICEMSurf': Graph GET /beta/deviceAppManagement/mobileApps/4f5357af-9288-41bf-8954-2804a0de9814/installSummary -> HTTP 400
2026-07-21 07:24:08  [Warning] No install summary for 'ICIDO': Graph GET /beta/deviceAppManagement/mobileApps/ab1e3563-8c00-411a-9d4b-cf261fb439f7/installSummary -> HTTP 400
2026-07-21 07:24:08  [Warning] No install summary for 'ICIDODesktop': Graph GET /beta/deviceAppManagement/mobileApps/7365309a-7b95-4e34-9bdd-b2d284b20c5a/installSummary -> HTTP 400
2026-07-21 07:24:08  [Warning] No install summary for 'ICIDOImmersiveConf': Graph GET /beta/deviceAppManagement/mobileApps/0a29e3dd-228f-463f-9d49-38b875cac4af/installSummary -> HTTP 400
2026-07-21 07:24:09  [Warning] No install summary for 'Idazki Desktop': Graph GET /beta/deviceAppManagement/mobileApps/6b0dcd92-2f18-4896-ae16-5432def2c6a8/installSummary -> HTTP 400
2026-07-21 07:24:09  [Warning] No install summary for 'IDE': Graph GET /beta/deviceAppManagement/mobileApps/2667f4f2-0258-4d56-a712-9a463fa9f2c0/installSummary -> HTTP 400
2026-07-21 07:24:09  [Warning] No install summary for 'IDES': Graph GET /beta/deviceAppManagement/mobileApps/1f24e99c-ce6f-4762-9c85-a7bfc5bdbbe3/installSummary -> HTTP 400
2026-07-21 07:24:09  [Warning] No install summary for 'IdriverControlSetup': Graph GET /beta/deviceAppManagement/mobileApps/297b1e65-c02f-4df0-972d-f02ed491d205/installSummary -> HTTP 400
2026-07-21 07:24:09  [Warning] No install summary for 'Illustrator FRL Offline': Graph GET /beta/deviceAppManagement/mobileApps/99c26242-5a60-4d6b-99b7-7b24647e7dcf/installSummary -> HTTP 400
2026-07-21 07:24:09  [Warning] No install summary for 'Image Express Utility Lite': Graph GET /beta/deviceAppManagement/mobileApps/bc6338ac-1ffd-4beb-9cb7-d0f18b8d26ae/installSummary -> HTTP 400
2026-07-21 07:24:09  [Warning] No install summary for 'image PROGRAF iPF 710 Treiber': Graph GET /beta/deviceAppManagement/mobileApps/f02782e8-cdca-4752-a1c5-a1b7775fb4b1/installSummary -> HTTP 400
2026-07-21 07:24:09  [Warning] No install summary for 'Image Resizer': Graph GET /beta/deviceAppManagement/mobileApps/6df56821-a28f-4483-8f74-d3f8039d4df2/installSummary -> HTTP 400
2026-07-21 07:24:09  [Warning] No install summary for 'ImagePrografPDEK': Graph GET /beta/deviceAppManagement/mobileApps/a2b462b1-9754-4b08-b506-61f60e04bbe5/installSummary -> HTTP 400
2026-07-21 07:24:09  [Warning] No install summary for 'iMANAGE': Graph GET /beta/deviceAppManagement/mobileApps/9537e475-c80b-4a43-8a39-013871fb75c3/installSummary -> HTTP 400
2026-07-21 07:24:09  [Warning] No install summary for 'iManage Drive for MAN': Graph GET /beta/deviceAppManagement/mobileApps/add6838e-7174-4d87-8cd8-638e2d31fcb1/installSummary -> HTTP 400
2026-07-21 07:24:09  [Warning] No install summary for 'Immi': Graph GET /beta/deviceAppManagement/mobileApps/e4add2bf-e307-47c7-b998-12c9d36843c5/installSummary -> HTTP 400
2026-07-21 07:24:09  [Warning] No install summary for 'InDesign': Graph GET /beta/deviceAppManagement/mobileApps/4498f2b5-3ee6-4f69-82dd-d55c8822a9fe/installSummary -> HTTP 400
2026-07-21 07:24:09  [Warning] No install summary for 'Indigo': Graph GET /beta/deviceAppManagement/mobileApps/ff790ae2-7ba4-4b21-a37c-d7d29dbf1fcc/installSummary -> HTTP 400
2026-07-21 07:24:09  [Warning] No install summary for 'InfoCenter Enable Extended Self Services': Graph GET /beta/deviceAppManagement/mobileApps/25ff81fe-58f6-4530-ad98-a15a0e4bd141/installSummary -> HTTP 400
2026-07-21 07:24:09  [Warning] No install summary for 'INITversant': Graph GET /beta/deviceAppManagement/mobileApps/2581dc56-4583-40c2-b649-01acc9f4ec8f/installSummary -> HTTP 400
2026-07-21 07:24:09  [Warning] No install summary for 'Inkscape': Graph GET /beta/deviceAppManagement/mobileApps/40520e96-153b-4e2a-9635-e2a5043e1f9b/installSummary -> HTTP 400
2026-07-21 07:24:09  [Warning] No install summary for 'Inspect Client Admin': Graph GET /beta/deviceAppManagement/mobileApps/a44f105f-d22d-4a9a-9185-15b7885e0f4e/installSummary -> HTTP 400
2026-07-21 07:24:09  [Warning] No install summary for 'Inspect Client KRA 01': Graph GET /beta/deviceAppManagement/mobileApps/e0896ae3-e226-4192-9581-9de7b6577357/installSummary -> HTTP 400
2026-07-21 07:24:09  [Warning] No install summary for 'Inspect Client KRA02': Graph GET /beta/deviceAppManagement/mobileApps/7fb034f9-dc39-4a46-8776-fdd93d94e6b5/installSummary -> HTTP 400
2026-07-21 07:24:09  [Warning] No install summary for 'Inspect Client MUE 01': Graph GET /beta/deviceAppManagement/mobileApps/737593e6-6c16-42f9-94b5-c7158b8735e1/installSummary -> HTTP 400
2026-07-21 07:24:09  [Warning] No install summary for 'Inspect Client MUE 02': Graph GET /beta/deviceAppManagement/mobileApps/17ab64b3-aecc-48c0-959a-bbd7c74e5f39/installSummary -> HTTP 400
2026-07-21 07:24:10  [Warning] No install summary for 'InspireSuite': Graph GET /beta/deviceAppManagement/mobileApps/3cea8839-e15d-432b-9858-fd4483ce4067/installSummary -> HTTP 400
2026-07-21 07:24:10  [Warning] No install summary for 'Instant Client': Graph GET /beta/deviceAppManagement/mobileApps/aa9e4e27-a6f9-44bc-8ea0-5e8916ecb80e/installSummary -> HTTP 400
2026-07-21 07:24:10  [Warning] No install summary for 'InStep BLUE': Graph GET /beta/deviceAppManagement/mobileApps/3395afaf-f6fd-4adb-93d1-f9fb7534dd70/installSummary -> HTTP 400
2026-07-21 07:24:10  [Warning] No install summary for 'Integrity Client MAN': Graph GET /beta/deviceAppManagement/mobileApps/a6265d9f-28be-45a0-b3db-f839256484d2/installSummary -> HTTP 400
2026-07-21 07:24:10  [Warning] No install summary for 'IntegrityRequirementsConnector': Graph GET /beta/deviceAppManagement/mobileApps/b2f3f442-e1f1-4e03-bf37-483acccee2d5/installSummary -> HTTP 400
2026-07-21 07:24:10  [Warning] No install summary for 'Intelligent Capture Client': Graph GET /beta/deviceAppManagement/mobileApps/22060060-4e6a-424c-b444-bc63341b6f8b/installSummary -> HTTP 400
2026-07-21 07:24:10  [Warning] No install summary for 'IntelliJ IDEA': Graph GET /beta/deviceAppManagement/mobileApps/a4df23a4-9265-4ef5-84ff-78a712aad8e5/installSummary -> HTTP 400
2026-07-21 07:24:10  [Warning] No install summary for 'IntraWeb': Graph GET /beta/deviceAppManagement/mobileApps/2dec9b8d-5fe0-467f-b926-6aa0c7d13a1a/installSummary -> HTTP 400
2026-07-21 07:24:10  [Warning] No install summary for 'Inventor Revit Interoperability Plugin': Graph GET /beta/deviceAppManagement/mobileApps/45d29837-4d5e-4704-bf0e-fcc1ea7ebe6b/installSummary -> HTTP 400
2026-07-21 07:24:10  [Warning] No install summary for 'InventorPro': Graph GET /beta/deviceAppManagement/mobileApps/9df7c336-8fed-4de8-b1ad-f3f6ae70573a/installSummary -> HTTP 400
2026-07-21 07:24:10  [Warning] No install summary for 'InvoiceViewer': Graph GET /beta/deviceAppManagement/mobileApps/d9b33d79-3f66-4615-b676-1f2f0e36dfef/installSummary -> HTTP 400
2026-07-21 07:24:10  [Warning] No install summary for 'Invoke-AppDeployToolkit.exe': Graph GET /beta/deviceAppManagement/mobileApps/c5a06647-691f-4c27-8005-c55c408d98d4/installSummary -> HTTP 400
2026-07-21 07:24:10  [Warning] No install summary for 'IPEmotion': Graph GET /beta/deviceAppManagement/mobileApps/20d96c0f-3a97-457e-a661-ae528b9dc775/installSummary -> HTTP 400
2026-07-21 07:24:10  [Warning] No install summary for 'IPS Cable': Graph GET /beta/deviceAppManagement/mobileApps/2aabc85a-badd-4af9-9727-39bed96cacce/installSummary -> HTTP 400
2026-07-21 07:24:10  [Warning] No install summary for 'iQ Basis NBG': Graph GET /beta/deviceAppManagement/mobileApps/08adfae2-d487-42ff-a6f6-5f564698dfe7/installSummary -> HTTP 400
2026-07-21 07:24:10  [Warning] No install summary for 'iQ Basis SLZ': Graph GET /beta/deviceAppManagement/mobileApps/3f8d1810-d252-460c-9690-eb58d944f6fd/installSummary -> HTTP 400
2026-07-21 07:24:10  [Warning] No install summary for 'IQFMEAL': Graph GET /beta/deviceAppManagement/mobileApps/cb1ba9ec-80f7-4bd7-a182-fc7b63ff3a39/installSummary -> HTTP 400
2026-07-21 07:24:10  [Warning] No install summary for 'IQReader': Graph GET /beta/deviceAppManagement/mobileApps/071cdfb7-a401-468a-82b8-664f5d54669c/installSummary -> HTTP 400
2026-07-21 07:24:10  [Warning] No install summary for 'iSIGNPlusWA': Graph GET /beta/deviceAppManagement/mobileApps/548f8e93-84f4-4db2-ac6a-35e905e10352/installSummary -> HTTP 400
2026-07-21 07:24:10  [Warning] No install summary for 'IsoDraw': Graph GET /beta/deviceAppManagement/mobileApps/be69d156-b430-40d4-9420-5f459032880b/installSummary -> HTTP 400
2026-07-21 07:24:11  [Warning] No install summary for 'Jabber': Graph GET /beta/deviceAppManagement/mobileApps/7b256d76-96fd-44f6-8f5b-68733a5b4e53/installSummary -> HTTP 400
2026-07-21 07:24:11  [Warning] No install summary for 'JabraXpress': Graph GET /beta/deviceAppManagement/mobileApps/e3cfd0e4-9f4c-4ce9-9e85-dcd336ace1df/installSummary -> HTTP 400
2026-07-21 07:24:11  [Warning] No install summary for 'JabraXpress-UPD': Graph GET /beta/deviceAppManagement/mobileApps/ae641258-2799-42c1-9bd4-170bf837427e/installSummary -> HTTP 400
2026-07-21 07:24:11  [Warning] No install summary for 'Java 8 Update 471 x86': Graph GET /beta/deviceAppManagement/mobileApps/627ec913-9967-4664-933c-10b17a009050/installSummary -> HTTP 400
2026-07-21 07:24:11  [Warning] No install summary for 'Java Config': Graph GET /beta/deviceAppManagement/mobileApps/0bf46975-3d8e-4f08-9253-aabc32e32ba9/installSummary -> HTTP 400
2026-07-21 07:24:12  [Warning] No install summary for 'Java Runtime Environment 1.8 x64': Graph GET /beta/deviceAppManagement/mobileApps/22a5db64-a411-4364-bd13-63b529c1af66/installSummary -> HTTP 400
2026-07-21 07:24:12  [Warning] No install summary for 'Java(TM) SE Development Kit 26': Graph GET /beta/deviceAppManagement/mobileApps/fd5733d7-1c7a-4448-b412-7df70dd69d32/installSummary -> HTTP 400
2026-07-21 07:24:12  [Warning] No install summary for 'JDK': Graph GET /beta/deviceAppManagement/mobileApps/ff403a81-ae2c-431d-9611-d3b6027796fe/installSummary -> HTTP 400
2026-07-21 07:24:12  [Warning] No install summary for 'JT2Go': Graph GET /beta/deviceAppManagement/mobileApps/4c4ebf13-59e0-4ec9-a130-c89e0db94a74/installSummary -> HTTP 400
2026-07-21 07:24:12  [Warning] No install summary for 'JT2Go': Graph GET /beta/deviceAppManagement/mobileApps/ef91725c-29c7-49a4-b274-f925a8f2aa54/installSummary -> HTTP 400
2026-07-21 07:24:12  [Warning] No install summary for 'JTUtilities': Graph GET /beta/deviceAppManagement/mobileApps/2a613aa9-ac64-4e6e-b155-704e03b84a41/installSummary -> HTTP 400
2026-07-21 07:24:13  [Warning] No install summary for 'KeePass Password Safe': Graph GET /beta/deviceAppManagement/mobileApps/b7172de5-8b16-4857-8281-36a36fe7a12e/installSummary -> HTTP 400
2026-07-21 07:24:13  [Warning] No install summary for 'KeePass Password Safe': Graph GET /beta/deviceAppManagement/mobileApps/e1ac833f-dcd5-4a3d-b67b-d443b84e2d41/installSummary -> HTTP 400
2026-07-21 07:24:13  [Warning] No install summary for 'KofaxExpress': Graph GET /beta/deviceAppManagement/mobileApps/8fba5e82-1870-4195-9d3b-8a9d625a20fb/installSummary -> HTTP 400
2026-07-21 07:24:13  [Warning] No install summary for 'KSbiz Installer': Graph GET /beta/deviceAppManagement/mobileApps/51ff7033-831f-4b7a-ac32-6059373a333f/installSummary -> HTTP 400
2026-07-21 07:24:13  [Warning] No install summary for 'KX Universal Printer Driver': Graph GET /beta/deviceAppManagement/mobileApps/63fa77b0-6c01-4ab7-a6d8-04959d4dd1be/installSummary -> HTTP 400
2026-07-21 07:24:13  [Warning] No install summary for 'LabelWriter 550': Graph GET /beta/deviceAppManagement/mobileApps/e1511487-8d62-49fd-bcc4-f4f86eaf4516/installSummary -> HTTP 400
2026-07-21 07:24:14  [Warning] No install summary for 'LaserJet P2035 Series': Graph GET /beta/deviceAppManagement/mobileApps/78e73c9a-b481-4b7a-bbec-b0cc367c26de/installSummary -> HTTP 400
2026-07-21 07:24:14  [Warning] No install summary for 'Latitude 7230 RE BIOS Update': Graph GET /beta/deviceAppManagement/mobileApps/810e5e88-4b3a-4586-a2c5-279b54c0b75a/installSummary -> HTTP 400
2026-07-21 07:24:14  [Warning] No install summary for 'LCAforExperts': Graph GET /beta/deviceAppManagement/mobileApps/ed817888-e17c-4da5-891b-df9d7282745d/installSummary -> HTTP 400
2026-07-21 07:24:14  [Warning] No install summary for 'LDAP Browser': Graph GET /beta/deviceAppManagement/mobileApps/e187ae2a-ebd6-4f7b-be65-0611fc290fdd/installSummary -> HTTP 400
2026-07-21 07:24:14  [Warning] No install summary for 'Legalia 2': Graph GET /beta/deviceAppManagement/mobileApps/f7ff717e-f7d5-4081-997d-11dea29393eb/installSummary -> HTTP 400
2026-07-21 07:24:14  [Warning] No install summary for 'Legato Configuration Center 2': Graph GET /beta/deviceAppManagement/mobileApps/96fc49b3-3792-4607-9391-573fe6b90ce2/installSummary -> HTTP 400
2026-07-21 07:24:14  [Warning] No install summary for 'LegatoConfigurationCenter': Graph GET /beta/deviceAppManagement/mobileApps/10c0f54b-f73d-45f5-a96a-b3c3d569f18c/installSummary -> HTTP 400
2026-07-21 07:24:14  [Warning] No install summary for 'Lenovo Commercial Vantage': Graph GET /beta/deviceAppManagement/mobileApps/140d3067-6d87-42a9-b6ed-7db7d0d91ad9/installSummary -> HTTP 400
2026-07-21 07:24:14  [Warning] No install summary for 'Lenovo WLAN Treiber': Graph GET /beta/deviceAppManagement/mobileApps/4b0287ff-2c72-4fde-bf20-3ce9320b7d40/installSummary -> HTTP 400
2026-07-21 07:24:14  [Warning] No install summary for 'LexCom SEDOK': Graph GET /beta/deviceAppManagement/mobileApps/0a7fa93d-5ca9-4f1f-a45c-f024948cc1ac/installSummary -> HTTP 400
2026-07-21 07:24:14  [Warning] No install summary for 'License Client': Graph GET /beta/deviceAppManagement/mobileApps/a8301c61-d73c-41fc-a358-140dc502e348/installSummary -> HTTP 400
2026-07-21 07:24:14  [Warning] No install summary for 'License Client': Graph GET /beta/deviceAppManagement/mobileApps/7438b4ae-4aca-4890-8869-eeb17a52d2cb/installSummary -> HTTP 400
2026-07-21 07:24:15  [Warning] No install summary for 'License Client': Graph GET /beta/deviceAppManagement/mobileApps/0de63219-a5df-4bc1-9d92-f7f7d5b85d83/installSummary -> HTTP 400
2026-07-21 07:24:15  [Warning] No install summary for 'License Package': Graph GET /beta/deviceAppManagement/mobileApps/fa761a2f-aead-4ba1-a0c9-c5a8e2240edf/installSummary -> HTTP 400
2026-07-21 07:24:15  [Warning] No install summary for 'LinkWare': Graph GET /beta/deviceAppManagement/mobileApps/fab1ff6c-0f9d-4b53-8485-d392544ca758/installSummary -> HTTP 400
2026-07-21 07:24:15  [Warning] No install summary for 'LJSeriesTerminal': Graph GET /beta/deviceAppManagement/mobileApps/d317d2b6-ada5-4ea9-a34b-cd6c2ac33117/installSummary -> HTTP 400
2026-07-21 07:24:15  [Warning] No install summary for 'LogoComfort V8': Graph GET /beta/deviceAppManagement/mobileApps/8bcc3a88-ef65-4ea9-9349-be6b11faf2bd/installSummary -> HTTP 400
2026-07-21 07:24:15  [Warning] No install summary for 'LPDDruckdienst und LPRAnschlussmonitor': Graph GET /beta/deviceAppManagement/mobileApps/559c9396-ce19-4b31-9b57-f8728cfae4c7/installSummary -> HTTP 400
2026-07-21 07:24:15  [Warning] No install summary for 'M365 Apps Lang Proofing Tools Asia': Graph GET /beta/deviceAppManagement/mobileApps/c9553470-3da4-4f84-9e0b-646f062d97ad/installSummary -> HTTP 400
2026-07-21 07:24:15  [Warning] No install summary for 'M365 Apps Lang Proofing Tools EU1': Graph GET /beta/deviceAppManagement/mobileApps/92d1f341-3817-4302-a75c-75583611c261/installSummary -> HTTP 400
2026-07-21 07:24:15  [Warning] No install summary for 'M365 Apps Lang Proofing Tools EU2': Graph GET /beta/deviceAppManagement/mobileApps/3ec8206a-15bd-4317-a9de-dde4813a01aa/installSummary -> HTTP 400
2026-07-21 07:24:15  [Warning] No install summary for 'M365 Apps Lang Proofing Tools EU3': Graph GET /beta/deviceAppManagement/mobileApps/1ddf24b1-f3da-4d5f-b7ab-4ccc44d4b83e/installSummary -> HTTP 400
2026-07-21 07:24:15  [Warning] No install summary for 'M365 Apps Lang Proofing Tools EU4': Graph GET /beta/deviceAppManagement/mobileApps/99c351b9-86fc-4c7a-83fd-b457cb67756d/installSummary -> HTTP 400
2026-07-21 07:24:15  [Warning] No install summary for 'M365 Apps Lang Proofing Tools Iberia': Graph GET /beta/deviceAppManagement/mobileApps/620d8a3f-410e-4e88-bb0e-cf1d65f15f50/installSummary -> HTTP 400
2026-07-21 07:24:15  [Warning] No install summary for 'M365 Apps Lang Proofing Tools India1': Graph GET /beta/deviceAppManagement/mobileApps/41d6becb-1c3a-4460-9c8b-14332e30533f/installSummary -> HTTP 400
2026-07-21 07:24:15  [Warning] No install summary for 'M365 Apps Lang Proofing Tools India2': Graph GET /beta/deviceAppManagement/mobileApps/cbc6b027-89c4-41ce-9927-b89ff9f2cc3c/installSummary -> HTTP 400
2026-07-21 07:24:15  [Warning] No install summary for 'M365 Apps Lang Proofing Tools SA': Graph GET /beta/deviceAppManagement/mobileApps/8f75c25a-b97a-4da9-b63d-001032104c93/installSummary -> HTTP 400
2026-07-21 07:24:15  [Warning] No install summary for 'MachineHostInterface': Graph GET /beta/deviceAppManagement/mobileApps/a54f2858-1317-4e88-bc35-c7d9f83fb078/installSummary -> HTTP 400
2026-07-21 07:24:16  [Warning] No install summary for 'MagicLine4NX': Graph GET /beta/deviceAppManagement/mobileApps/907538e8-f34c-4567-a886-5ba308abca06/installSummary -> HTTP 400
2026-07-21 07:24:16  [Warning] No install summary for 'MANtime': Graph GET /beta/deviceAppManagement/mobileApps/ea02558b-ddd5-4a05-9849-262d6f66c773/installSummary -> HTTP 400
2026-07-21 07:24:16  [Warning] No install summary for 'MANtime': Graph GET /beta/deviceAppManagement/mobileApps/7c3de607-c8c7-4a64-9e4b-682493f2567a/installSummary -> HTTP 400
2026-07-21 07:24:16  [Warning] No install summary for 'MANtime': Graph GET /beta/deviceAppManagement/mobileApps/65c963ea-fb00-4f4c-bdde-6bb500227c92/installSummary -> HTTP 400
2026-07-21 07:24:17  [Warning] No install summary for 'MANTIS': Graph GET /beta/deviceAppManagement/mobileApps/3537d049-459d-4cb0-a2d9-0a749adb54e8/installSummary -> HTTP 400
2026-07-21 07:24:17  [Warning] No install summary for 'MANTIS': Graph GET /beta/deviceAppManagement/mobileApps/d5bf73e1-29ba-4f2d-9907-11ddf58c56dc/installSummary -> HTTP 400
2026-07-21 07:24:17  [Warning] No install summary for 'MarComProfessional': Graph GET /beta/deviceAppManagement/mobileApps/468a4839-c95a-42b7-812c-adb8286f754f/installSummary -> HTTP 400
2026-07-21 07:24:17  [Warning] No install summary for 'MATLAB2019b': Graph GET /beta/deviceAppManagement/mobileApps/5e81d24c-89a7-4dca-b463-f0f93d8175ef/installSummary -> HTTP 400
2026-07-21 07:24:17  [Warning] No install summary for 'MATLAB2020a': Graph GET /beta/deviceAppManagement/mobileApps/07251b18-448b-4ea1-a038-2d6aeab39d69/installSummary -> HTTP 400
2026-07-21 07:24:17  [Warning] No install summary for 'MATLAB2020b': Graph GET /beta/deviceAppManagement/mobileApps/9dfca5a8-da0e-4cb0-8701-a2776e814c94/installSummary -> HTTP 400
2026-07-21 07:24:17  [Warning] No install summary for 'MATLAB2022a': Graph GET /beta/deviceAppManagement/mobileApps/29bd527c-490e-4ff8-9b63-f341116ff702/installSummary -> HTTP 400
2026-07-21 07:24:17  [Warning] No install summary for 'MATLAB2023b': Graph GET /beta/deviceAppManagement/mobileApps/e1a73d30-7efa-48a0-9640-7023917b8820/installSummary -> HTTP 400
2026-07-21 07:24:17  [Warning] No install summary for 'MATLAB2025a': Graph GET /beta/deviceAppManagement/mobileApps/b6c28e92-2261-48d7-bf4e-a74f0c1ae8fd/installSummary -> HTTP 400
2026-07-21 07:24:17  [Warning] No install summary for 'MATLABDataPluginDIAdem': Graph GET /beta/deviceAppManagement/mobileApps/8ca22c16-887d-4653-98bf-ea72a7dd38b2/installSummary -> HTTP 400
2026-07-21 07:24:17  [Warning] No install summary for 'MATLABRuntime': Graph GET /beta/deviceAppManagement/mobileApps/66b042a2-5e76-4594-81a2-c011bbda1202/installSummary -> HTTP 400
2026-07-21 07:24:17  [Warning] No install summary for 'Matterway Assistant': Graph GET /beta/deviceAppManagement/mobileApps/a7963287-6954-43bb-b9ca-46a3d6c23b94/installSummary -> HTTP 400
2026-07-21 07:24:18  [Warning] No install summary for 'Matterway Assistant': Graph GET /beta/deviceAppManagement/mobileApps/69171712-c150-4a73-b141-ada857ad0f28/installSummary -> HTTP 400
2026-07-21 07:24:18  [Warning] No install summary for 'MAYA': Graph GET /beta/deviceAppManagement/mobileApps/89f8905b-66f9-4d2a-8ac4-2b26ecef9c8d/installSummary -> HTTP 400
2026-07-21 07:24:18  [Warning] No install summary for 'MayCAD': Graph GET /beta/deviceAppManagement/mobileApps/d1c1a213-92b9-46a1-b5c2-057fb309ce97/installSummary -> HTTP 400
2026-07-21 07:24:18  [Warning] No install summary for 'MDESIGN2022': Graph GET /beta/deviceAppManagement/mobileApps/6952f299-6ca0-44a4-ae3d-a5302fbd058d/installSummary -> HTTP 400
2026-07-21 07:24:18  [Warning] No install summary for 'MDF4DatapluginDIAdem': Graph GET /beta/deviceAppManagement/mobileApps/85b64ef1-1b08-457c-a903-db56baa102df/installSummary -> HTTP 400
2026-07-21 07:24:18  [Warning] No install summary for 'MecaPlanning': Graph GET /beta/deviceAppManagement/mobileApps/908b3dbe-a7e3-4380-8166-390171ec0d65/installSummary -> HTTP 400
2026-07-21 07:24:18  [Warning] No install summary for 'Media Encoder FRL Offline': Graph GET /beta/deviceAppManagement/mobileApps/3e97d39d-8b03-48c8-8999-c4b93e6fba10/installSummary -> HTTP 400
2026-07-21 07:24:18  [Warning] No install summary for 'Memorator': Graph GET /beta/deviceAppManagement/mobileApps/eed745b5-30ac-44bf-8cca-96a4f83abed5/installSummary -> HTTP 400
2026-07-21 07:24:18  [Warning] No install summary for 'Memorator Tools': Graph GET /beta/deviceAppManagement/mobileApps/1d549a42-c9d4-4df9-9326-12e29cef138f/installSummary -> HTTP 400
2026-07-21 07:24:18  [Warning] No install summary for 'Mercury': Graph GET /beta/deviceAppManagement/mobileApps/9d3e0cab-2440-4477-ba6f-e09702efc51d/installSummary -> HTTP 400
2026-07-21 07:24:18  [Warning] No install summary for 'MFilesOnline': Graph GET /beta/deviceAppManagement/mobileApps/3c6f49f9-5aa0-4f7d-9eb7-34e6ce307c1c/installSummary -> HTTP 400
2026-07-21 07:24:18  [Warning] No install summary for 'Microsoft 365 Apps Current Channel': Graph GET /beta/deviceAppManagement/mobileApps/04b12fd8-0f0a-4155-b627-3ff548d1eed8/installSummary -> HTTP 400
2026-07-21 07:24:18  [Warning] No install summary for 'Microsoft 365 Apps Current Channel': Graph GET /beta/deviceAppManagement/mobileApps/58ac57ef-eadb-4613-b77d-559f1d511167/installSummary -> HTTP 400
2026-07-21 07:24:18  [Warning] No install summary for 'Microsoft 365 Apps Monthly Channel': Graph GET /beta/deviceAppManagement/mobileApps/c8d28aef-3c6d-43dc-a784-3052b45abfd6/installSummary -> HTTP 400
2026-07-21 07:24:18  [Warning] No install summary for 'Microsoft 365 Apps Monthly Channel OS ESP': Graph GET /beta/deviceAppManagement/mobileApps/161ea7ee-0268-4a53-b3c8-d4913bf031b3/installSummary -> HTTP 400
2026-07-21 07:24:18  [Warning] No install summary for 'Microsoft 365 Apps Semi Annual Channel': Graph GET /beta/deviceAppManagement/mobileApps/89ac155a-1db0-4a63-983f-d7c175d45269/installSummary -> HTTP 400
2026-07-21 07:24:18  [Warning] No install summary for 'Microsoft 365 Apps Semi Annual Channel Limited FioccTest': Graph GET /beta/deviceAppManagement/mobileApps/02b5c42c-6a57-4e73-ad81-8da54d18a440/installSummary -> HTTP 400
2026-07-21 07:24:18  [Warning] No install summary for 'Microsoft 365 Copilot': Graph GET /beta/deviceAppManagement/mobileApps/0926bfc0-f545-4bd2-9f60-57bc8b1af9bf/installSummary -> HTTP 400
2026-07-21 07:24:18  [Warning] No install summary for 'Microsoft MBAM Client': Graph GET /beta/deviceAppManagement/mobileApps/1f290c1b-82d9-4f36-9018-032a732c1242/installSummary -> HTTP 400
2026-07-21 07:24:18  [Warning] No install summary for 'Microsoft Visual C++ 2005 Redistributable (x64)': Graph GET /beta/deviceAppManagement/mobileApps/7b0032d5-3291-4bec-b2e8-c2765bf17479/installSummary -> HTTP 400
2026-07-21 07:24:18  [Warning] No install summary for 'Microsoft Visual C++ 2010 x64 Redistributable': Graph GET /beta/deviceAppManagement/mobileApps/eab73745-227a-4c0d-bbb2-8f9f2f33e2ef/installSummary -> HTTP 400
2026-07-21 07:24:18  [Warning] No install summary for 'Microsoft Visual C++ 2010 x86 Redistributable': Graph GET /beta/deviceAppManagement/mobileApps/7a2c8579-e37e-4ac1-8b88-0ed00b5f562a/installSummary -> HTTP 400
2026-07-21 07:24:19  [Warning] No install summary for 'Microsoft Visual C++ 2013 Redistributable (x64)': Graph GET /beta/deviceAppManagement/mobileApps/4335eef4-6b32-4c45-9b9e-021375b01d35/installSummary -> HTTP 400
2026-07-21 07:24:19  [Warning] No install summary for 'Microsoft Visual C++ 2013 Redistributable (x86)': Graph GET /beta/deviceAppManagement/mobileApps/0ac1a219-d057-46ff-bf68-a0e24b1cc97b/installSummary -> HTTP 400
2026-07-21 07:24:19  [Warning] No install summary for 'Microsoft Visual C++ 2015-2022 Redistributable (x64)': Graph GET /beta/deviceAppManagement/mobileApps/9fd6f426-80ba-43cf-8b89-618031378007/installSummary -> HTTP 400
2026-07-21 07:24:19  [Warning] No install summary for 'Microsoft Visual C++ 2015-2022 Redistributable (x86)': Graph GET /beta/deviceAppManagement/mobileApps/0536a230-9107-45cb-a6d6-07de6b7c3ec9/installSummary -> HTTP 400
2026-07-21 07:24:19  [Warning] No install summary for 'Microsoft Visual C++ v14 Redistributable (x64)': Graph GET /beta/deviceAppManagement/mobileApps/d6fe8967-9ad6-44de-ac10-761b82b1436e/installSummary -> HTTP 400
2026-07-21 07:24:19  [Warning] No install summary for 'Microsoft Visual C++ v14 Redistributable (x86)': Graph GET /beta/deviceAppManagement/mobileApps/c0e76c1e-e743-4bc5-bcb0-e2ad3aba1ff2/installSummary -> HTTP 400
2026-07-21 07:24:19  [Warning] No install summary for 'MindManager': Graph GET /beta/deviceAppManagement/mobileApps/a512ac10-a77f-48ae-bfa5-bcb1fd2021dd/installSummary -> HTTP 400
2026-07-21 07:24:19  [Warning] No install summary for 'Mitel Connect': Graph GET /beta/deviceAppManagement/mobileApps/3dea7c96-a6a3-4126-aa76-ac410e64049d/installSummary -> HTTP 400
2026-07-21 07:24:19  [Warning] No install summary for 'MobileEasykeyManager': Graph GET /beta/deviceAppManagement/mobileApps/3112569a-a4c6-49b6-b755-279608b05690/installSummary -> HTTP 400
2026-07-21 07:24:19  [Warning] No install summary for 'Modeler': Graph GET /beta/deviceAppManagement/mobileApps/23e9656a-683f-4b1d-add8-1ed9cb095e34/installSummary -> HTTP 400
2026-07-21 07:24:19  [Warning] No install summary for 'Moldflow Insight': Graph GET /beta/deviceAppManagement/mobileApps/ee72ea84-d9ff-4d8c-a90b-8f5d093fb1da/installSummary -> HTTP 400
2026-07-21 07:24:19  [Warning] No install summary for 'MoldflowCommunicator': Graph GET /beta/deviceAppManagement/mobileApps/9950c36d-ed1c-47ee-98ec-19d441d791ec/installSummary -> HTTP 400
2026-07-21 07:24:19  [Warning] No install summary for 'Mosquitto': Graph GET /beta/deviceAppManagement/mobileApps/83abb86a-172d-4d6c-9631-e1f89dcff55c/installSummary -> HTTP 400
2026-07-21 07:24:19  [Warning] No install summary for 'Mouse Manager': Graph GET /beta/deviceAppManagement/mobileApps/46ec1dbe-15d6-4290-8b78-3fd2a08cc77f/installSummary -> HTTP 400
2026-07-21 07:24:19  [Warning] No install summary for 'Mouse Manager': Graph GET /beta/deviceAppManagement/mobileApps/fb063ae9-5aba-4376-92a8-508d60901d79/installSummary -> HTTP 400
2026-07-21 07:24:20  [Warning] No install summary for 'Mouse Manager - Test': Graph GET /beta/deviceAppManagement/mobileApps/2281bfad-aa33-4e94-8a0a-1416dde3f55f/installSummary -> HTTP 400
2026-07-21 07:24:20  [Warning] No install summary for 'Mozila_Test01': Graph GET /beta/deviceAppManagement/mobileApps/566374d7-81a4-46a4-bd0f-f04b9c7bb089/installSummary -> HTTP 400
2026-07-21 07:24:20  [Warning] No install summary for 'Mozila_Test02': Graph GET /beta/deviceAppManagement/mobileApps/37ed29f7-26f5-4d18-a3a8-6f6890968554/installSummary -> HTTP 400
2026-07-21 07:24:20  [Warning] No install summary for 'Mozila_Test03': Graph GET /beta/deviceAppManagement/mobileApps/fd442dc1-6210-4f05-804a-b4de87978b2d/installSummary -> HTTP 400
2026-07-21 07:24:20  [Warning] No install summary for 'MPI': Graph GET /beta/deviceAppManagement/mobileApps/ee2a3ac7-dc84-4c2c-8d5b-151bcc8fd3ec/installSummary -> HTTP 400
2026-07-21 07:24:20  [Warning] No install summary for 'mProRemote Pro': Graph GET /beta/deviceAppManagement/mobileApps/63aa40d6-012d-42be-b225-99ab76b04f66/installSummary -> HTTP 400
2026-07-21 07:24:20  [Warning] No install summary for 'MQTTx': Graph GET /beta/deviceAppManagement/mobileApps/4ceb4047-76cd-47e7-8ed9-6ae64a25ca93/installSummary -> HTTP 400
2026-07-21 07:24:20  [Warning] No install summary for 'MQTTx': Graph GET /beta/deviceAppManagement/mobileApps/dbdbc674-792f-40ed-92ac-dfee6fbda568/installSummary -> HTTP 400
2026-07-21 07:24:20  [Warning] No install summary for 'MSR 175 Datenlogger': Graph GET /beta/deviceAppManagement/mobileApps/b6bd325c-05c3-4067-8d16-2a2b05b96038/installSummary -> HTTP 400
2026-07-21 07:24:21  [Warning] No install summary for 'MSR165Datenlogger': Graph GET /beta/deviceAppManagement/mobileApps/831b594b-c406-4d3d-87b0-9f2491a0728c/installSummary -> HTTP 400
2026-07-21 07:24:21  [Warning] No install summary for 'MSR165ShockViewer': Graph GET /beta/deviceAppManagement/mobileApps/d3893151-04e0-413f-95bc-c01bc34c41b6/installSummary -> HTTP 400
2026-07-21 07:24:21  [Warning] No install summary for 'MTRP Provisioning Tool': Graph GET /beta/deviceAppManagement/mobileApps/3056f0d6-25f8-4d19-9ebc-ac9800955a00/installSummary -> HTTP 400
2026-07-21 07:24:21  [Warning] No install summary for 'MTRP Provisioning Tool': Graph GET /beta/deviceAppManagement/mobileApps/1d19fb7b-572e-4d05-b3d2-db3e72c27c86/installSummary -> HTTP 400
2026-07-21 07:24:21  [Warning] No install summary for 'MxManagementCenter': Graph GET /beta/deviceAppManagement/mobileApps/041bba9b-b879-4bda-91bb-4f2f3537c73b/installSummary -> HTTP 400
2026-07-21 07:24:21  [Warning] No install summary for 'myApps': Graph GET /beta/deviceAppManagement/mobileApps/547aa0b6-a474-4313-b330-5d14642fd93b/installSummary -> HTTP 400
2026-07-21 07:24:21  [Warning] No install summary for 'myApps': Graph GET /beta/deviceAppManagement/mobileApps/c97a6dca-32a7-4ce9-a55a-f7ec5286c711/installSummary -> HTTP 400
2026-07-21 07:24:22  [Warning] No install summary for 'myApps-UPD': Graph GET /beta/deviceAppManagement/mobileApps/7b2723e6-fddc-4760-ba9c-62903ee91f68/installSummary -> HTTP 400
2026-07-21 07:24:22  [Warning] No install summary for 'NavisworksFreedom 2022': Graph GET /beta/deviceAppManagement/mobileApps/4f5ede2d-34a6-4f78-95c7-05443878cd47/installSummary -> HTTP 400
2026-07-21 07:24:22  [Warning] No install summary for 'nCodeGlyphworks': Graph GET /beta/deviceAppManagement/mobileApps/f7dea6ed-1c11-4254-8359-f77f256c30a7/installSummary -> HTTP 400
2026-07-21 07:24:22  [Warning] No install summary for 'Netfx3.ps1': Graph GET /beta/deviceAppManagement/mobileApps/c9b70882-9296-4172-8f9f-71ad2d91201b/installSummary -> HTTP 400
2026-07-21 07:24:22  [Warning] No install summary for 'Networks OTDR': Graph GET /beta/deviceAppManagement/mobileApps/01eb280f-6f5e-4c0d-9e3b-d4a0fd245c7c/installSummary -> HTTP 400
2026-07-21 07:24:22  [Warning] No install summary for 'Nexus Personal Desktop Client': Graph GET /beta/deviceAppManagement/mobileApps/39bde577-5e10-4564-a53f-0e68f49c8605/installSummary -> HTTP 400
2026-07-21 07:24:22  [Warning] No install summary for 'Nexus_PersonalDesktopVSC_MAN_x64_1.3.6.0-0002_MUL': Graph GET /beta/deviceAppManagement/mobileApps/c5382b89-1c63-4d35-a4ab-20c3dffd2449/installSummary -> HTTP 400
2026-07-21 07:24:22  [Warning] No install summary for 'NiceLabel 2017': Graph GET /beta/deviceAppManagement/mobileApps/0162f973-842b-4205-8d76-2512b21da819/installSummary -> HTTP 400
2026-07-21 07:24:22  [Warning] No install summary for 'Nicelabel Designer Pro': Graph GET /beta/deviceAppManagement/mobileApps/a6cd66ec-2f0b-4872-86cc-c2f97bc982b6/installSummary -> HTTP 400
2026-07-21 07:24:22  [Warning] No install summary for 'NoiseTools': Graph GET /beta/deviceAppManagement/mobileApps/f133cefc-aba2-47d7-81a6-29d0cb0be34f/installSummary -> HTTP 400
2026-07-21 07:24:22  [Warning] No install summary for 'Notepadpp': Graph GET /beta/deviceAppManagement/mobileApps/4fca41b8-a847-49b5-893f-b61084d7e301/installSummary -> HTTP 400
2026-07-21 07:24:22  [Warning] No install summary for 'NXFeature2Cost': Graph GET /beta/deviceAppManagement/mobileApps/673908cf-87a8-47ff-bb05-db8dc1e71514/installSummary -> HTTP 400
2026-07-21 07:24:23  [Warning] No install summary for 'OBSStudio': Graph GET /beta/deviceAppManagement/mobileApps/41ef1aea-8e96-4ff3-92f4-44228ae256b7/installSummary -> HTTP 400
2026-07-21 07:24:23  [Warning] No install summary for 'ODBC System DSN UK': Graph GET /beta/deviceAppManagement/mobileApps/4c6ad4fe-7f0e-476a-a57e-6f84582b42cf/installSummary -> HTTP 400
2026-07-21 07:24:23  [Warning] No install summary for 'ODBCTreiber': Graph GET /beta/deviceAppManagement/mobileApps/63ac510a-8ace-40fe-a2da-48d72d723a47/installSummary -> HTTP 400
2026-07-21 07:24:23  [Warning] No install summary for 'Oil Control': Graph GET /beta/deviceAppManagement/mobileApps/37975466-222f-4335-8fcb-8d72b8e9b6f9/installSummary -> HTTP 400
2026-07-21 07:24:23  [Warning] No install summary for 'OLE DB Driver for SQL Server': Graph GET /beta/deviceAppManagement/mobileApps/dc5900b9-ca02-408d-94da-b204d4b73481/installSummary -> HTTP 400
2026-07-21 07:24:23  [Warning] No install summary for 'Open Workbench': Graph GET /beta/deviceAppManagement/mobileApps/50e35ba8-1d2b-4cda-87a4-b8e8cd45989e/installSummary -> HTTP 400
2026-07-21 07:24:23  [Warning] No install summary for 'openITCOCKPIT Desktop APP': Graph GET /beta/deviceAppManagement/mobileApps/fa2c0e1e-6744-4a54-ad71-4163fe5c5a3c/installSummary -> HTTP 400
2026-07-21 07:24:23  [Warning] No install summary for 'openITCOCKPITDesktopAPP': Graph GET /beta/deviceAppManagement/mobileApps/704ed39c-90c1-4fad-82c1-62b45518d5c5/installSummary -> HTTP 400
2026-07-21 07:24:23  [Warning] No install summary for 'openITCOCKPITDesktopAPP-UPD': Graph GET /beta/deviceAppManagement/mobileApps/f375f9bd-6cd6-45f0-8aed-5e99e78c0e99/installSummary -> HTTP 400
2026-07-21 07:24:23  [Warning] No install summary for 'OpenLMAgent': Graph GET /beta/deviceAppManagement/mobileApps/5a078d48-103f-4b8d-b708-4b8b7494b4e4/installSummary -> HTTP 400
2026-07-21 07:24:24  [Warning] No install summary for 'OpenLMAgent': Graph GET /beta/deviceAppManagement/mobileApps/61a02ba0-b9f2-4825-8883-c80f2be1fb8d/installSummary -> HTTP 400
2026-07-21 07:24:24  [Warning] No install summary for 'OPUSPLAN': Graph GET /beta/deviceAppManagement/mobileApps/dbf391c8-276a-4ce9-b2c6-ec1ded786571/installSummary -> HTTP 400
2026-07-21 07:24:24  [Warning] No install summary for 'P touch Editor': Graph GET /beta/deviceAppManagement/mobileApps/aefa498a-fad6-4262-860b-38e93633b39d/installSummary -> HTTP 400
2026-07-21 07:24:24  [Warning] No install summary for 'Pack Assistant CFG': Graph GET /beta/deviceAppManagement/mobileApps/cec4f390-136f-4c97-8cae-62750220f9e7/installSummary -> HTTP 400
2026-07-21 07:24:24  [Warning] No install summary for 'PackAssistant': Graph GET /beta/deviceAppManagement/mobileApps/c366f2d5-db65-4391-9cc0-c3c91b071f69/installSummary -> HTTP 400
2026-07-21 07:24:24  [Warning] No install summary for 'PaginaNet': Graph GET /beta/deviceAppManagement/mobileApps/01ad0efd-ebfc-4548-bc96-19dba2e0cef2/installSummary -> HTTP 400
2026-07-21 07:24:24  [Warning] No install summary for 'PaisyClient': Graph GET /beta/deviceAppManagement/mobileApps/a9290ac0-21ff-4e7b-9a89-df8bb18bd8c8/installSummary -> HTTP 400
2026-07-21 07:24:24  [Warning] No install summary for 'PaperStream': Graph GET /beta/deviceAppManagement/mobileApps/5106a226-2a6a-4db7-a497-74deaf99760c/installSummary -> HTTP 400
2026-07-21 07:24:24  [Warning] No install summary for 'PaperStream IP (ISIS) Bundle': Graph GET /beta/deviceAppManagement/mobileApps/6b2f5db8-c010-4077-8992-5f73fa153d25/installSummary -> HTTP 400
2026-07-21 07:24:24  [Warning] No install summary for 'PaperStream IP (TWAIN) Aconso Scanner': Graph GET /beta/deviceAppManagement/mobileApps/a7a0a985-87e6-4daf-87e8-48bcd16efb46/installSummary -> HTTP 400
2026-07-21 07:24:24  [Warning] No install summary for 'PaperStream IP ISIS fi-71xx 72xx': Graph GET /beta/deviceAppManagement/mobileApps/14f2039b-f639-4015-a809-738407dfd2c5/installSummary -> HTTP 400
2026-07-21 07:24:24  [Warning] No install summary for 'PaperStream IP TWAIN': Graph GET /beta/deviceAppManagement/mobileApps/186454a9-ad60-453b-a508-874161e28353/installSummary -> HTTP 400
2026-07-21 07:24:24  [Warning] No install summary for 'PARTsolutions': Graph GET /beta/deviceAppManagement/mobileApps/fd50d1d8-9d7a-42fc-8d0f-19b9efd07a5b/installSummary -> HTTP 400
2026-07-21 07:24:25  [Warning] No install summary for 'PatentMaker': Graph GET /beta/deviceAppManagement/mobileApps/1fd58e30-8621-4419-bfce-1c09e5312c7e/installSummary -> HTTP 400
2026-07-21 07:24:25  [Warning] No install summary for 'PCoIPClient': Graph GET /beta/deviceAppManagement/mobileApps/e367a65a-0530-4efa-82aa-43f27c5c1e12/installSummary -> HTTP 400
2026-07-21 07:24:25  [Warning] No install summary for 'PDF XChange Editor Plus': Graph GET /beta/deviceAppManagement/mobileApps/4764bc4b-e113-4a38-9785-3d04b324e80a/installSummary -> HTTP 400
2026-07-21 07:24:25  [Warning] No install summary for 'PDF XChange Editor Plus': Graph GET /beta/deviceAppManagement/mobileApps/62e48c7f-40ab-4529-9f04-6a73fd0b016e/installSummary -> HTTP 400
2026-07-21 07:24:25  [Warning] No install summary for 'PDF XChange Editor Plus': Graph GET /beta/deviceAppManagement/mobileApps/41037876-a2bd-4da8-befa-e104caa73a95/installSummary -> HTTP 400
2026-07-21 07:24:25  [Warning] No install summary for 'Pencil': Graph GET /beta/deviceAppManagement/mobileApps/cac709c9-4fe7-4792-ac04-bda941fabc66/installSummary -> HTTP 400
2026-07-21 07:24:26  [Warning] No install summary for 'PersonalDesktopClientMAN': Graph GET /beta/deviceAppManagement/mobileApps/00ddcf3a-84fb-4984-8718-40fb4c121595/installSummary -> HTTP 400
2026-07-21 07:24:26  [Warning] No install summary for 'PersonalDesktopClientMAN': Graph GET /beta/deviceAppManagement/mobileApps/aab9533a-e662-4482-83b3-607cf0b406d3/installSummary -> HTTP 400
2026-07-21 07:24:26  [Warning] No install summary for 'PersonalDesktopClientMAN': Graph GET /beta/deviceAppManagement/mobileApps/fd3c6a70-0f92-4d8b-b1cc-80f0b1eff59b/installSummary -> HTTP 400
2026-07-21 07:24:26  [Warning] No install summary for 'PersonalDesktopClientMAN-UPD': Graph GET /beta/deviceAppManagement/mobileApps/0909c56c-0d59-4cf9-a23b-2b49cda11482/installSummary -> HTTP 400
2026-07-21 07:24:26  [Warning] No install summary for 'PhotoShop FRL Offline': Graph GET /beta/deviceAppManagement/mobileApps/b119a7eb-18da-483a-9b46-276a03d63c4e/installSummary -> HTTP 400
2026-07-21 07:24:27  [Warning] No install summary for 'photostudio': Graph GET /beta/deviceAppManagement/mobileApps/c1989a00-d7da-4cd6-b663-df55959b4606/installSummary -> HTTP 400
2026-07-21 07:24:27  [Warning] No install summary for 'PhysicsAI': Graph GET /beta/deviceAppManagement/mobileApps/fe9e18f4-1860-43e4-8f41-5e7030fd903d/installSummary -> HTTP 400
2026-07-21 07:24:27  [Warning] No install summary for 'PicoScope': Graph GET /beta/deviceAppManagement/mobileApps/9c50d2a5-6b58-4619-9180-eb795e0e17e2/installSummary -> HTTP 400
2026-07-21 07:24:27  [Warning] No install summary for 'PiWeb Enterprise': Graph GET /beta/deviceAppManagement/mobileApps/85dbc59e-a809-4c70-a01c-1ef295b66d2c/installSummary -> HTTP 400
2026-07-21 07:24:27  [Warning] No install summary for 'PiWeb Enterprise': Graph GET /beta/deviceAppManagement/mobileApps/3f41279e-ce72-442d-a406-695c1604034a/installSummary -> HTTP 400
2026-07-21 07:24:27  [Warning] No install summary for 'PiWeb Enterprise': Graph GET /beta/deviceAppManagement/mobileApps/d07c049a-65f9-4373-9245-da7ea80f319e/installSummary -> HTTP 400
2026-07-21 07:24:27  [Warning] No install summary for 'PiWebEnterprise': Graph GET /beta/deviceAppManagement/mobileApps/1220c6f3-5cbd-41c8-acb3-c45d367a3c7a/installSummary -> HTTP 400
2026-07-21 07:24:28  [Warning] No install summary for 'PL2303USBtoSerialTreiber': Graph GET /beta/deviceAppManagement/mobileApps/0b5a0183-8854-43d4-b040-47dfd3d905f6/installSummary -> HTTP 400
2026-07-21 07:24:28  [Warning] No install summary for 'Platform': Graph GET /beta/deviceAppManagement/mobileApps/7f35342c-079e-4c13-a848-131759efcb3c/installSummary -> HTTP 400
2026-07-21 07:24:28  [Warning] No install summary for 'PolyWorksMetrologySuite': Graph GET /beta/deviceAppManagement/mobileApps/bb3d3293-17b0-4f4a-b0e7-3987805be7b0/installSummary -> HTTP 400
2026-07-21 07:24:28  [Warning] No install summary for 'Postman': Graph GET /beta/deviceAppManagement/mobileApps/13f41c1a-040a-4746-a07c-b3d3ff095fe6/installSummary -> HTTP 400
2026-07-21 07:24:28  [Warning] No install summary for 'Power Automate for desktop': Graph GET /beta/deviceAppManagement/mobileApps/be5cfd49-ac8f-4ca6-8547-d3d48aea7b6d/installSummary -> HTTP 400
2026-07-21 07:24:28  [Warning] No install summary for 'Power BI Desktop': Graph GET /beta/deviceAppManagement/mobileApps/b036579a-82ba-4598-b167-646559c5bc22/installSummary -> HTTP 400
2026-07-21 07:24:28  [Warning] No install summary for 'Power BI Desktop': Graph GET /beta/deviceAppManagement/mobileApps/311e23d6-4818-4c9a-b29a-85456293977a/installSummary -> HTTP 400
2026-07-21 07:24:29  [Warning] No install summary for 'Power BI Desktop': Graph GET /beta/deviceAppManagement/mobileApps/ba90fe47-d421-4e64-8d56-b3d8480744a3/installSummary -> HTTP 400
2026-07-21 07:24:29  [Warning] No install summary for 'Power BI Desktop': Graph GET /beta/deviceAppManagement/mobileApps/f8d50020-7d80-4a82-a4d9-bff3fb3f7944/installSummary -> HTTP 400
2026-07-21 07:24:29  [Warning] No install summary for 'Power BI Desktop': Graph GET /beta/deviceAppManagement/mobileApps/e7821ca5-7f77-46df-8e56-c809936c1144/installSummary -> HTTP 400
2026-07-21 07:24:29  [Warning] No install summary for 'PowerPlayProANDinstant': Graph GET /beta/deviceAppManagement/mobileApps/cef253fa-c269-4d4d-942c-f28cab01473a/installSummary -> HTTP 400
2026-07-21 07:24:29  [Warning] No install summary for 'Premiere Pro Offline': Graph GET /beta/deviceAppManagement/mobileApps/486e4ced-70d4-40fc-98d9-424ad2942038/installSummary -> HTTP 400
2026-07-21 07:24:29  [Warning] No install summary for 'PrinterSetupUtilities': Graph GET /beta/deviceAppManagement/mobileApps/c3b4f6eb-d62a-4d17-ba38-3788bffcc7a2/installSummary -> HTTP 400
2026-07-21 07:24:30  [Warning] No install summary for 'pro Certum CardManager': Graph GET /beta/deviceAppManagement/mobileApps/39cefb7e-7200-43a5-988e-f01d42aa8c72/installSummary -> HTTP 400
2026-07-21 07:24:30  [Warning] No install summary for 'proCertum  SmartSign': Graph GET /beta/deviceAppManagement/mobileApps/ba307f2a-cc0b-491b-9f21-1ae3c6189226/installSummary -> HTTP 400
2026-07-21 07:24:30  [Warning] No install summary for 'PRODISUploadTool': Graph GET /beta/deviceAppManagement/mobileApps/826e63ca-8973-449c-93c9-7e3010f92585/installSummary -> HTTP 400
2026-07-21 07:24:30  [Warning] No install summary for 'promicron Fusion': Graph GET /beta/deviceAppManagement/mobileApps/3ed79c73-3bbd-4ce6-a7d3-5a1e62ca2500/installSummary -> HTTP 400
2026-07-21 07:24:30  [Warning] No install summary for 'proXSign': Graph GET /beta/deviceAppManagement/mobileApps/4dbc0053-191b-4f15-9934-467e2c51d474/installSummary -> HTTP 400
2026-07-21 07:24:30  [Warning] No install summary for 'Prusa3D': Graph GET /beta/deviceAppManagement/mobileApps/97b52f36-6f54-4532-a395-123e437f01b9/installSummary -> HTTP 400
2026-07-21 07:24:30  [Warning] No install summary for 'PrusaSlicer': Graph GET /beta/deviceAppManagement/mobileApps/78979930-18e1-490b-a69a-e205dc5ece38/installSummary -> HTTP 400
2026-07-21 07:24:30  [Warning] No install summary for 'P-touch Editor': Graph GET /beta/deviceAppManagement/mobileApps/1d613845-d979-490b-9dc6-6ce2125cfc52/installSummary -> HTTP 400
2026-07-21 07:24:30  [Warning] No install summary for 'P-Touch PT Druckertreiber': Graph GET /beta/deviceAppManagement/mobileApps/9fc0f7b9-c833-4eac-bffe-87a55d332ea5/installSummary -> HTTP 400
2026-07-21 07:24:30  [Warning] No install summary for 'P-Touch PT Druckertreiber': Graph GET /beta/deviceAppManagement/mobileApps/87197e3d-451d-402b-9f52-f0f0da9149d7/installSummary -> HTTP 400
2026-07-21 07:24:31  [Warning] No install summary for 'P-touch QL Driver': Graph GET /beta/deviceAppManagement/mobileApps/ca8c425d-55d3-43db-bd06-4e5200cfe3ef/installSummary -> HTTP 400
2026-07-21 07:24:31  [Warning] No install summary for 'Ptouch TD Druckertreiber': Graph GET /beta/deviceAppManagement/mobileApps/a9f20d6a-c3b7-4ae6-a624-8a9e9a130eb4/installSummary -> HTTP 400
2026-07-21 07:24:31  [Warning] No install summary for 'PTT Parts Tracking Tool': Graph GET /beta/deviceAppManagement/mobileApps/242fac32-55aa-4b4b-8fe8-1f7f37a943d2/installSummary -> HTTP 400
2026-07-21 07:24:31  [Warning] No install summary for 'PuTTY': Graph GET /beta/deviceAppManagement/mobileApps/6a53c9d5-164c-4cd7-992e-c2fc3a009915/installSummary -> HTTP 400
2026-07-21 07:24:31  [Warning] No install summary for 'QbitDB': Graph GET /beta/deviceAppManagement/mobileApps/42e2c442-fb42-4b33-960c-abffed2e5687/installSummary -> HTTP 400
2026-07-21 07:24:31  [Warning] No install summary for 'QbitDB': Graph GET /beta/deviceAppManagement/mobileApps/c5ec7d6e-3144-42f2-ad17-ebe326033ecd/installSummary -> HTTP 400
2026-07-21 07:24:31  [Warning] No install summary for 'QDA9Teileaudit': Graph GET /beta/deviceAppManagement/mobileApps/9295cad5-f6ac-4e12-87f7-ee8fb89e6d64/installSummary -> HTTP 400
2026-07-21 07:24:31  [Warning] No install summary for 'QGIS': Graph GET /beta/deviceAppManagement/mobileApps/5ec5202e-4b78-4faa-9252-5b7aedd48f02/installSummary -> HTTP 400
2026-07-21 07:24:31  [Warning] No install summary for 'QlikView': Graph GET /beta/deviceAppManagement/mobileApps/d7a06721-0a9f-41ac-b1d8-ca57f5d59e96/installSummary -> HTTP 400
2026-07-21 07:24:31  [Warning] No install summary for 'QMSoft': Graph GET /beta/deviceAppManagement/mobileApps/2f03ae91-481d-4f82-b72d-d58aa57ad527/installSummary -> HTTP 400
2026-07-21 07:24:31  [Warning] No install summary for 'qsSTATMUC': Graph GET /beta/deviceAppManagement/mobileApps/485cb58c-fff9-4f20-a290-04979914b831/installSummary -> HTTP 400
2026-07-21 07:24:32  [Warning] No install summary for 'qsSTATNBG': Graph GET /beta/deviceAppManagement/mobileApps/1dff2e26-6590-4d7e-a492-0a22f0d0011b/installSummary -> HTTP 400
2026-07-21 07:24:32  [Warning] No install summary for 'qsSTATSLZ': Graph GET /beta/deviceAppManagement/mobileApps/beb59eb4-d69a-4f72-ba1a-db160e76dd4e/installSummary -> HTTP 400
2026-07-21 07:24:32  [Warning] No install summary for 'QSTorqueMUC': Graph GET /beta/deviceAppManagement/mobileApps/14b2cf6d-804d-4197-bfd4-ca9bf12e50f8/installSummary -> HTTP 400
2026-07-21 07:24:32  [Warning] No install summary for 'QSTSCS': Graph GET /beta/deviceAppManagement/mobileApps/89193022-cd0b-457d-bc88-ac64d08faedf/installSummary -> HTTP 400
2026-07-21 07:24:32  [Warning] No install summary for 'QuadroNC': Graph GET /beta/deviceAppManagement/mobileApps/f5daf801-1974-4635-868b-7ec0eedaff48/installSummary -> HTTP 400
2026-07-21 07:24:32  [Warning] No install summary for 'R for Windows': Graph GET /beta/deviceAppManagement/mobileApps/c01d8bd2-9cf8-4f13-90b9-c21c234b642b/installSummary -> HTTP 400
2026-07-21 07:24:32  [Warning] No install summary for 'ReCap Pro': Graph GET /beta/deviceAppManagement/mobileApps/d5845bce-b5d1-48b3-ad74-db2b71187fad/installSummary -> HTTP 400
2026-07-21 07:24:32  [Warning] No install summary for 'Reflection Desktop': Graph GET /beta/deviceAppManagement/mobileApps/3346a27a-fda2-4469-ac6d-4a200d67fa04/installSummary -> HTTP 400
2026-07-21 07:24:32  [Warning] No install summary for 'ReflectionDesktop-UPD': Graph GET /beta/deviceAppManagement/mobileApps/10ad2e82-9309-4c96-88bb-75bcf8f91ebf/installSummary -> HTTP 400
2026-07-21 07:24:32  [Warning] No install summary for 'ReflectionVBARepair': Graph GET /beta/deviceAppManagement/mobileApps/65567dc8-f1bb-404e-99fd-8eeefd2b4fd9/installSummary -> HTTP 400
2026-07-21 07:24:32  [Warning] No install summary for 'RegioGraph Analysis': Graph GET /beta/deviceAppManagement/mobileApps/d9ba1928-e07b-4466-89dc-9cc1361c81f6/installSummary -> HTTP 400
2026-07-21 07:24:32  [Warning] No install summary for 'ReliabilityWorkbench': Graph GET /beta/deviceAppManagement/mobileApps/9e26c510-53f4-46fa-889c-181c76e44ba4/installSummary -> HTTP 400
2026-07-21 07:24:32  [Warning] No install summary for 'Remote Server Administration Tools RSAT': Graph GET /beta/deviceAppManagement/mobileApps/fe62e2e0-ec86-42c2-9852-68bdaff6454e/installSummary -> HTTP 400
2026-07-21 07:24:32  [Warning] No install summary for 'Remote Server Administration Tools RSAT': Graph GET /beta/deviceAppManagement/mobileApps/bb32e4af-a683-4e6c-b5bc-faf6ee03edfd/installSummary -> HTTP 400
2026-07-21 07:24:33  [Warning] No install summary for 'Remote Support MAN DESITE': Graph GET /beta/deviceAppManagement/mobileApps/a6a9e3b1-8551-41a1-8eee-984a870d2ee3/installSummary -> HTTP 400
2026-07-21 07:24:33  [Warning] No install summary for 'Remote Support MAN DETEST': Graph GET /beta/deviceAppManagement/mobileApps/0008df61-a45c-4d9c-b3f7-ee771e45dd43/installSummary -> HTTP 400
2026-07-21 07:24:33  [Warning] No install summary for 'Report Builder': Graph GET /beta/deviceAppManagement/mobileApps/0694744e-4459-46b2-8e41-15c6e7311ecf/installSummary -> HTTP 400
2026-07-21 07:24:33  [Warning] No install summary for 'Revit': Graph GET /beta/deviceAppManagement/mobileApps/c8b0458e-e8d1-41bb-807c-9ab7ec39337b/installSummary -> HTTP 400
2026-07-21 07:24:33  [Warning] No install summary for 'Revit': Graph GET /beta/deviceAppManagement/mobileApps/77ebd647-8b3a-4b7c-8eef-cf04e46d75a9/installSummary -> HTTP 400
2026-07-21 07:24:33  [Warning] No install summary for 'Robot Runtime': Graph GET /beta/deviceAppManagement/mobileApps/1774d168-b0be-44b4-94d1-58991add3225/installSummary -> HTTP 400
2026-07-21 07:24:33  [Warning] No install summary for 'RobotStudio': Graph GET /beta/deviceAppManagement/mobileApps/2014e3fd-4623-4147-9eac-65ef358204de/installSummary -> HTTP 400
2026-07-21 07:24:33  [Warning] No install summary for 'Rosy Vision': Graph GET /beta/deviceAppManagement/mobileApps/6ed773a9-1208-4501-860b-ae4f2ea02bad/installSummary -> HTTP 400
2026-07-21 07:24:33  [Warning] No install summary for 'RSAT-ADTools': Graph GET /beta/deviceAppManagement/mobileApps/beb38940-416e-43df-8480-83298758f232/installSummary -> HTTP 400
2026-07-21 07:24:33  [Warning] No install summary for 'RStudio': Graph GET /beta/deviceAppManagement/mobileApps/9a648930-1b10-4be9-81f7-cbf8fba25de4/installSummary -> HTTP 400
2026-07-21 07:24:33  [Warning] No install summary for 'RTMaps': Graph GET /beta/deviceAppManagement/mobileApps/46e24aa6-491e-4976-a039-0c6ea0da87fd/installSummary -> HTTP 400
2026-07-21 07:24:33  [Warning] No install summary for 'SafeNetMinidriver': Graph GET /beta/deviceAppManagement/mobileApps/dbcef670-9710-4890-8034-52fc9c3fc1f4/installSummary -> HTTP 400
2026-07-21 07:24:33  [Warning] No install summary for 'SafeSign': Graph GET /beta/deviceAppManagement/mobileApps/91269b51-d940-4a94-8166-3e3dd8268db2/installSummary -> HTTP 400
2026-07-21 07:24:33  [Warning] No install summary for 'Sage.Eb.eIDSign.Windows': Graph GET /beta/deviceAppManagement/mobileApps/1890b817-46c5-481c-947b-51d6cde03da0/installSummary -> HTTP 400
2026-07-21 07:24:33  [Warning] No install summary for 'SAP GUI': Graph GET /beta/deviceAppManagement/mobileApps/1ab96cba-7cd0-40c3-b77e-9c43642f43b6/installSummary -> HTTP 400
2026-07-21 07:24:34  [Warning] No install summary for 'SAP GUI Configuration MAN': Graph GET /beta/deviceAppManagement/mobileApps/4fa36e07-c533-4148-8653-271f2cc76083/installSummary -> HTTP 400
2026-07-21 07:24:34  [Warning] No install summary for 'SAP GUI Configuration MAN': Graph GET /beta/deviceAppManagement/mobileApps/0a1d2a0e-52fc-4ab9-87d4-9675ee4f19db/installSummary -> HTTP 400
2026-07-21 07:24:34  [Warning] No install summary for 'SAP GUI MAN': Graph GET /beta/deviceAppManagement/mobileApps/8c086b49-8f36-4202-af8f-d8b0a52961da/installSummary -> HTTP 400
2026-07-21 07:24:34  [Warning] No install summary for 'SAP GUI MAN': Graph GET /beta/deviceAppManagement/mobileApps/1ef97787-2d22-4bd5-ac6d-d9262a948603/installSummary -> HTTP 400
2026-07-21 07:24:35  [Warning] No install summary for 'SAP Update Reminder': Graph GET /beta/deviceAppManagement/mobileApps/08e3835f-195b-4e50-a373-dc6dadfe004a/installSummary -> HTTP 400
2026-07-21 07:24:35  [Warning] No install summary for 'SAPBusinessClient': Graph GET /beta/deviceAppManagement/mobileApps/ad330dce-9909-4b5e-a860-3f442ff07ece/installSummary -> HTTP 400
2026-07-21 07:24:35  [Warning] No install summary for 'SAPDataDesigner': Graph GET /beta/deviceAppManagement/mobileApps/e6dccc03-645c-470c-83e2-b551ba9f6f10/installSummary -> HTTP 400
2026-07-21 07:24:35  [Warning] No install summary for 'SAPGUI': Graph GET /beta/deviceAppManagement/mobileApps/c7271a0d-83a9-4d1e-a752-44d5d583bd9e/installSummary -> HTTP 400
2026-07-21 07:24:35  [Warning] No install summary for 'SAPHanaStudio': Graph GET /beta/deviceAppManagement/mobileApps/4465a0bd-5c48-4411-af19-0cd9e143c63f/installSummary -> HTTP 400
2026-07-21 07:24:35  [Warning] No install summary for 'ScandAllPro': Graph GET /beta/deviceAppManagement/mobileApps/4acec9e1-2f7e-4d40-bf80-f71123bfcc41/installSummary -> HTTP 400
2026-07-21 07:24:35  [Warning] No install summary for 'ScanEssentials': Graph GET /beta/deviceAppManagement/mobileApps/5566fdc5-a6c7-4b83-a3da-e67ee91947ae/installSummary -> HTTP 400
2026-07-21 07:24:35  [Warning] No install summary for 'SCORE CMP': Graph GET /beta/deviceAppManagement/mobileApps/6820a429-24ce-45c3-9986-a7a07dd004f0/installSummary -> HTTP 400
2026-07-21 07:24:35  [Warning] No install summary for 'SCORE CMP': Graph GET /beta/deviceAppManagement/mobileApps/42a54bfe-25e8-4abc-a99d-dc28bef24500/installSummary -> HTTP 400
2026-07-21 07:24:36  [Warning] No install summary for 'SCR3xxx Smart Card Reader': Graph GET /beta/deviceAppManagement/mobileApps/dcae01b3-abed-4296-aee9-70bc51080cdc/installSummary -> HTTP 400
2026-07-21 07:24:36  [Warning] No install summary for 'ScriveGO': Graph GET /beta/deviceAppManagement/mobileApps/f168206f-96d3-4dbc-ae91-5cb968222fbb/installSummary -> HTTP 400
2026-07-21 07:24:36  [Warning] No install summary for 'sdSolutions2017': Graph GET /beta/deviceAppManagement/mobileApps/10299e4c-0c25-4965-8b82-f316ef37b33c/installSummary -> HTTP 400
2026-07-21 07:24:36  [Warning] No install summary for 'SecSigner': Graph GET /beta/deviceAppManagement/mobileApps/ca31ef19-f350-4343-982d-32927f2900c3/installSummary -> HTTP 400
2026-07-21 07:24:36  [Warning] No install summary for 'Sentinel Agent': Graph GET /beta/deviceAppManagement/mobileApps/4ba0f4ec-01fd-4b74-a419-c767475137c8/installSummary -> HTTP 400
2026-07-21 07:24:36  [Warning] No install summary for 'Setpoint': Graph GET /beta/deviceAppManagement/mobileApps/cafb3f97-de58-4fe8-b4ec-cf83b71215f4/installSummary -> HTTP 400
2026-07-21 07:24:36  [Warning] No install summary for 'Sherlock': Graph GET /beta/deviceAppManagement/mobileApps/3e3a8b06-5252-4df8-89b6-5eb7020eeab6/installSummary -> HTTP 400
2026-07-21 07:24:36  [Warning] No install summary for 'SI Halcom EBanking': Graph GET /beta/deviceAppManagement/mobileApps/d386e0d1-3a7f-415e-997c-082ad1d7f84e/installSummary -> HTTP 400
2026-07-21 07:24:37  [Warning] No install summary for 'SI Halcom E-Banking': Graph GET /beta/deviceAppManagement/mobileApps/47ddbfe4-1e76-4b1b-82bd-9194673c9dda/installSummary -> HTTP 400
2026-07-21 07:24:37  [Warning] No install summary for 'signoSign2': Graph GET /beta/deviceAppManagement/mobileApps/8c8bea54-8c03-49eb-bb13-bea0b488b040/installSummary -> HTTP 400
2026-07-21 07:24:37  [Warning] No install summary for 'SIMDIA': Graph GET /beta/deviceAppManagement/mobileApps/4bcc6d1e-fe42-4cae-a851-e24262838833/installSummary -> HTTP 400
2026-07-21 07:24:37  [Warning] No install summary for 'SIMDRIVE3D': Graph GET /beta/deviceAppManagement/mobileApps/175051cf-a9f1-43af-8ae2-a81444769802/installSummary -> HTTP 400
2026-07-21 07:24:37  [Warning] No install summary for 'SimKey': Graph GET /beta/deviceAppManagement/mobileApps/e9f94b5a-7d60-4287-be7d-4c2fea7e1f93/installSummary -> HTTP 400
2026-07-21 07:24:37  [Warning] No install summary for 'Simpack': Graph GET /beta/deviceAppManagement/mobileApps/fb7d7631-d3da-4b5b-bd8c-8b1c6c2564c4/installSummary -> HTTP 400
2026-07-21 07:24:37  [Warning] No install summary for 'Simpack2021x': Graph GET /beta/deviceAppManagement/mobileApps/fb6631fd-0d4d-4243-91dc-b1596252d6b9/installSummary -> HTTP 400
2026-07-21 07:24:37  [Warning] No install summary for 'SimpackDLLChange2021': Graph GET /beta/deviceAppManagement/mobileApps/da865dee-4920-4154-b29b-b53dc2c247e5/installSummary -> HTTP 400
2026-07-21 07:24:37  [Warning] No install summary for 'SketchUp Pro': Graph GET /beta/deviceAppManagement/mobileApps/2bdc1b69-caa0-44c1-9bac-ee500ca4332b/installSummary -> HTTP 400
2026-07-21 07:24:37  [Warning] No install summary for 'Smart Exporter': Graph GET /beta/deviceAppManagement/mobileApps/e40d41ad-f5d2-4c9f-839a-c54f83bc92b0/installSummary -> HTTP 400
2026-07-21 07:24:37  [Warning] No install summary for 'smartchart': Graph GET /beta/deviceAppManagement/mobileApps/2ee1260e-77e7-43c2-8fcb-9ccaf9668ac1/installSummary -> HTTP 400
2026-07-21 07:24:37  [Warning] No install summary for 'SmartClient': Graph GET /beta/deviceAppManagement/mobileApps/8f7d8b44-1619-4d7e-8ef7-5386c045d2e1/installSummary -> HTTP 400
2026-07-21 07:24:37  [Warning] No install summary for 'SmartServices': Graph GET /beta/deviceAppManagement/mobileApps/be9cc2b5-4807-4040-a4f9-2704735d1419/installSummary -> HTTP 400
2026-07-21 07:24:37  [Warning] No install summary for 'SnowingApp': Graph GET /beta/deviceAppManagement/mobileApps/a74a8637-516a-444c-a171-416042248e86/installSummary -> HTTP 400
2026-07-21 07:24:37  [Warning] No install summary for 'SnowingApp': Graph GET /beta/deviceAppManagement/mobileApps/0fd8f739-85f8-4688-8555-e13c2b73ae6a/installSummary -> HTTP 400
2026-07-21 07:24:37  [Warning] No install summary for 'SoapUI': Graph GET /beta/deviceAppManagement/mobileApps/ec3ec50a-16e6-4c43-aadb-1ea13ba52067/installSummary -> HTTP 400
2026-07-21 07:24:37  [Warning] No install summary for 'SoapUI': Graph GET /beta/deviceAppManagement/mobileApps/ac00b1e9-2bdd-4f84-9129-3e5cd405f7f6/installSummary -> HTTP 400
2026-07-21 07:24:38  [Warning] No install summary for 'Solid Works': Graph GET /beta/deviceAppManagement/mobileApps/0d6e7211-709a-4641-a557-8c31b9bd343f/installSummary -> HTTP 400
2026-07-21 07:24:38  [Warning] No install summary for 'SpikeToolAnalyser': Graph GET /beta/deviceAppManagement/mobileApps/b57802c3-c887-494d-bece-30317830be87/installSummary -> HTTP 400
2026-07-21 07:24:38  [Warning] No install summary for 'SQL Developer': Graph GET /beta/deviceAppManagement/mobileApps/a50b06cb-592f-47eb-b0b5-0ed927102a37/installSummary -> HTTP 400
2026-07-21 07:24:38  [Warning] No install summary for 'SQL Navigator': Graph GET /beta/deviceAppManagement/mobileApps/145a612e-b79b-4481-a618-99b29e405944/installSummary -> HTTP 400
2026-07-21 07:24:38  [Warning] No install summary for 'SQL Server Management Studio': Graph GET /beta/deviceAppManagement/mobileApps/c9f691b7-81fc-4f77-a104-9caed1a76cbf/installSummary -> HTTP 400
2026-07-21 07:24:38  [Warning] No install summary for 'SQL Server Management Studio': Graph GET /beta/deviceAppManagement/mobileApps/53569575-3fcd-4444-8b88-e412383418b6/installSummary -> HTTP 400
2026-07-21 07:24:39  [Warning] No install summary for 'SQL Toolbelt': Graph GET /beta/deviceAppManagement/mobileApps/3dff7bff-783d-4aa4-9c06-d51f94a00cab/installSummary -> HTTP 400
2026-07-21 07:24:39  [Warning] No install summary for 'SSH-Agent': Graph GET /beta/deviceAppManagement/mobileApps/1a080351-1bfa-4707-87f2-58bb0a432acb/installSummary -> HTTP 400
2026-07-21 07:24:39  [Warning] No install summary for 'StageNow': Graph GET /beta/deviceAppManagement/mobileApps/b8adcd76-79b3-42aa-af10-7bcfdcaa571b/installSummary -> HTTP 400
2026-07-21 07:24:39  [Warning] No install summary for 'StageNow': Graph GET /beta/deviceAppManagement/mobileApps/a4add825-7dbf-42ca-b531-cccad80104bf/installSummary -> HTTP 400
2026-07-21 07:24:39  [Warning] No install summary for 'STARCCM': Graph GET /beta/deviceAppManagement/mobileApps/7ea821d6-9be8-4be3-89e0-c2ed1f5ac1eb/installSummary -> HTTP 400
2026-07-21 07:24:39  [Warning] No install summary for 'Startmenu Fix': Graph GET /beta/deviceAppManagement/mobileApps/fb3ca552-2308-4060-8add-6e68aaa34ed0/installSummary -> HTTP 400
2026-07-21 07:24:39  [Warning] No install summary for 'StrokesPlusDotNET': Graph GET /beta/deviceAppManagement/mobileApps/98a2aba0-cf4f-4d8d-b342-77315f1f8d9e/installSummary -> HTTP 400
2026-07-21 07:24:39  [Warning] No install summary for 'SUP431': Graph GET /beta/deviceAppManagement/mobileApps/fe9a49ea-8e68-43f0-b641-da057b237b13/installSummary -> HTTP 400
2026-07-21 07:24:40  [Warning] No install summary for 'SUP461': Graph GET /beta/deviceAppManagement/mobileApps/0e31becd-d217-46a9-82b8-411632bebd83/installSummary -> HTTP 400
2026-07-21 07:24:40  [Warning] No install summary for 'SuperPuTTY': Graph GET /beta/deviceAppManagement/mobileApps/041707d9-77ec-4101-8ba4-938ba9bae588/installSummary -> HTTP 400
2026-07-21 07:24:40  [Warning] No install summary for 'Symphony Client': Graph GET /beta/deviceAppManagement/mobileApps/183249ba-0df6-44b3-a261-6cc0adf6c6d3/installSummary -> HTTP 400
2026-07-21 07:24:40  [Warning] No install summary for 'SymphonyClient': Graph GET /beta/deviceAppManagement/mobileApps/ea90c4b9-af15-4799-88a5-23dfe725863d/installSummary -> HTTP 400
2026-07-21 07:24:40  [Warning] No install summary for 'Sync': Graph GET /beta/deviceAppManagement/mobileApps/30690a8a-6730-42cb-bebe-64f623a690c9/installSummary -> HTTP 400
2026-07-21 07:24:40  [Warning] No install summary for 'Sync': Graph GET /beta/deviceAppManagement/mobileApps/c7a99fe2-0c1f-4c70-86db-ba0597a76478/installSummary -> HTTP 400
2026-07-21 07:24:41  [Warning] No install summary for 'System D2000': Graph GET /beta/deviceAppManagement/mobileApps/affa60ba-7af8-42c6-87b3-429f979d6d65/installSummary -> HTTP 400
2026-07-21 07:24:41  [Warning] No install summary for 'SysTracer_TEST_VWITS': Graph GET /beta/deviceAppManagement/mobileApps/60dc99d6-0ceb-453f-9356-e40fb9390d45/installSummary -> HTTP 400
2026-07-21 07:24:41  [Warning] No install summary for 'SysTracer-3.0-x64.exe': Graph GET /beta/deviceAppManagement/mobileApps/ec4d8747-d0f9-46a9-bc94-c8d2cb3c2dec/installSummary -> HTTP 400
2026-07-21 07:24:41  [Warning] No install summary for 'SysTracer-4.0-x64.exe': Graph GET /beta/deviceAppManagement/mobileApps/93e1d3f4-870a-45d5-bda4-509c59381c47/installSummary -> HTTP 400
2026-07-21 07:24:42  [Warning] No install summary for 'Szafir': Graph GET /beta/deviceAppManagement/mobileApps/f994ff45-6d72-4d48-bf93-1ba8f3c1f941/installSummary -> HTTP 400
2026-07-21 07:24:42  [Warning] No install summary for 'Tabellenbuch Metall': Graph GET /beta/deviceAppManagement/mobileApps/de049e60-fb50-4455-83c2-27fc1ed97541/installSummary -> HTTP 400
2026-07-21 07:24:42  [Warning] No install summary for 'TableauDesktop': Graph GET /beta/deviceAppManagement/mobileApps/c8ffb9eb-d3a5-4cd0-a0b2-961e57260b10/installSummary -> HTTP 400
2026-07-21 07:24:42  [Warning] No install summary for 'TableauPrepBuilder': Graph GET /beta/deviceAppManagement/mobileApps/793d7be1-45fa-41f3-aa49-9f9442d2c18b/installSummary -> HTTP 400
2026-07-21 07:24:42  [Warning] No install summary for 'Tablet Driver': Graph GET /beta/deviceAppManagement/mobileApps/8bc95d35-6fd9-41c7-b1eb-49ac9b4a5a0c/installSummary -> HTTP 400
2026-07-21 07:24:42  [Warning] No install summary for 'Tanium Client': Graph GET /beta/deviceAppManagement/mobileApps/efb15abd-9de9-40d7-8f25-c4d540cbe10f/installSummary -> HTTP 400
2026-07-21 07:24:42  [Warning] No install summary for 'Teamcenter Visualization Mockup': Graph GET /beta/deviceAppManagement/mobileApps/626b5dc8-824e-4a22-8810-956c5e90f353/installSummary -> HTTP 400
2026-07-21 07:24:42  [Warning] No install summary for 'Teamcenter Visualization Mockup': Graph GET /beta/deviceAppManagement/mobileApps/2f25db90-e2da-486f-ba01-d6582f0edc80/installSummary -> HTTP 400
2026-07-21 07:24:42  [Warning] No install summary for 'TeamsNew': Graph GET /beta/deviceAppManagement/mobileApps/1bb721f1-9ce7-47f7-b8f2-73f88a47d909/installSummary -> HTTP 400
2026-07-21 07:24:42  [Warning] No install summary for 'TEDplus': Graph GET /beta/deviceAppManagement/mobileApps/4a4b28a7-7efa-481b-bc94-289df73ec561/installSummary -> HTTP 400
2026-07-21 07:24:42  [Warning] No install summary for 'Tesseract': Graph GET /beta/deviceAppManagement/mobileApps/d1eb9869-eb2f-4386-bf8a-86d597339a4b/installSummary -> HTTP 400
2026-07-21 07:24:42  [Warning] No install summary for 'test 365 Copilot': Graph GET /beta/deviceAppManagement/mobileApps/82019c23-4e3d-4fd4-ab87-1d96948f6f58/installSummary -> HTTP 400
2026-07-21 07:24:42  [Warning] No install summary for 'Test PSADT': Graph GET /beta/deviceAppManagement/mobileApps/19400337-8aea-4a45-936d-f1c22e05b4bd/installSummary -> HTTP 400
2026-07-21 07:24:42  [Warning] No install summary for 'Test_Scope': Graph GET /beta/deviceAppManagement/mobileApps/618465a8-b9b3-423b-b682-ffd2cc5949d8/installSummary -> HTTP 400
2026-07-21 07:24:42  [Warning] No install summary for 'Test-1-App': Graph GET /beta/deviceAppManagement/mobileApps/d6a8a6e9-9728-4eb2-9964-0fbfe67e1291/installSummary -> HTTP 400
2026-07-21 07:24:42  [Warning] No install summary for 'TEVIS Fahrer-App': Graph GET /beta/deviceAppManagement/mobileApps/7cd7d030-0356-491d-ade3-cd519ffc9219/installSummary -> HTTP 400
2026-07-21 07:24:43  [Warning] No install summary for 'Textbausteine Plus': Graph GET /beta/deviceAppManagement/mobileApps/3ea393af-4b83-4597-a575-db028953e27c/installSummary -> HTTP 400
2026-07-21 07:24:43  [Warning] No install summary for 'ThermalViewFinishing': Graph GET /beta/deviceAppManagement/mobileApps/ea719882-f796-460c-8c20-a7daf4be921f/installSummary -> HTTP 400
2026-07-21 07:24:43  [Warning] No install summary for 'ThinkCell': Graph GET /beta/deviceAppManagement/mobileApps/bae0057e-5b2b-4ee2-91b9-79dc3a397875/installSummary -> HTTP 400
2026-07-21 07:24:43  [Warning] No install summary for 'ThinkCell': Graph GET /beta/deviceAppManagement/mobileApps/2f603c07-47b3-4924-90b2-bee3246abf6a/installSummary -> HTTP 400
2026-07-21 07:24:43  [Warning] No install summary for 'ThinkCell': Graph GET /beta/deviceAppManagement/mobileApps/d21a6902-9f74-416e-a20c-bf641a388282/installSummary -> HTTP 400
2026-07-21 07:24:43  [Warning] No install summary for 'ThinkCentre M75q G2 BIOS Update': Graph GET /beta/deviceAppManagement/mobileApps/260cdc24-a8f8-4160-982a-3113fa1f7a59/installSummary -> HTTP 400
2026-07-21 07:24:43  [Warning] No install summary for 'ThinkCentre M75q G2 BIOS Update': Graph GET /beta/deviceAppManagement/mobileApps/90ee57ed-6fed-421a-9a37-d33d4dbd9334/installSummary -> HTTP 400
2026-07-21 07:24:43  [Warning] No install summary for 'ThinkCentre M75t G2 BIOS Update': Graph GET /beta/deviceAppManagement/mobileApps/1105c73f-b309-4e34-9fe4-522dba4440d8/installSummary -> HTTP 400
2026-07-21 07:24:44  [Warning] No install summary for 'ThinkCentre M75t G2 BIOS Update': Graph GET /beta/deviceAppManagement/mobileApps/676633f5-88e2-4586-b5f7-5e3a4fba0798/installSummary -> HTTP 400
2026-07-21 07:24:44  [Warning] No install summary for 'ThinkCentre M75t G5 BIOS Update': Graph GET /beta/deviceAppManagement/mobileApps/4b47e333-9fca-4407-8e4f-6a58941bd10e/installSummary -> HTTP 400
2026-07-21 07:24:44  [Warning] No install summary for 'ThinkPad L13 G6 BIOS Update': Graph GET /beta/deviceAppManagement/mobileApps/befa8dc4-cc8a-4bd6-a00a-8dcf0716509e/installSummary -> HTTP 400
2026-07-21 07:24:44  [Warning] No install summary for 'ThinkPad T14 G4 T16 G2 BIOS Update': Graph GET /beta/deviceAppManagement/mobileApps/acdc2bbb-fd4f-489b-837b-37fa661335c9/installSummary -> HTTP 400
2026-07-21 07:24:44  [Warning] No install summary for 'ThinkPad T14 G4 T16 G2 BIOS Update': Graph GET /beta/deviceAppManagement/mobileApps/321c901a-8f5c-49c7-80f2-50b4adf5affc/installSummary -> HTTP 400
2026-07-21 07:24:44  [Warning] No install summary for 'ThinkPad T14 G5 BIOS Update': Graph GET /beta/deviceAppManagement/mobileApps/623ee506-370c-4aee-9ec7-69f6a2bf28ca/installSummary -> HTTP 400
2026-07-21 07:24:44  [Warning] No install summary for 'ThinkPad T14 G5 BIOS Update': Graph GET /beta/deviceAppManagement/mobileApps/bae83fbf-8d8b-42a6-a773-8066e055f573/installSummary -> HTTP 400
2026-07-21 07:24:44  [Warning] No install summary for 'ThinkPad X13 2-in-1 G5 BIOS Update': Graph GET /beta/deviceAppManagement/mobileApps/babd0e08-cd42-4453-89b9-d9f11cf6fe44/installSummary -> HTTP 400
2026-07-21 07:24:44  [Warning] No install summary for 'ThinkPad X13 G4 BIOS Update': Graph GET /beta/deviceAppManagement/mobileApps/dd470c5d-0770-49ff-80e8-94228bcbadd2/installSummary -> HTTP 400
2026-07-21 07:24:44  [Warning] No install summary for 'ThinkPad X13 G4 BIOS Update': Graph GET /beta/deviceAppManagement/mobileApps/a34d5384-a4b6-4eee-80eb-bb8718d8b5b9/installSummary -> HTTP 400
2026-07-21 07:24:44  [Warning] No install summary for 'ThinkPad X13 Yoga G4 BIOS Update': Graph GET /beta/deviceAppManagement/mobileApps/8610f58e-2f18-4554-a6b8-3011d6d0526f/installSummary -> HTTP 400
2026-07-21 07:24:44  [Warning] No install summary for 'TiCon': Graph GET /beta/deviceAppManagement/mobileApps/f42f7345-0dd0-4c2c-8ba3-27f8d30920ae/installSummary -> HTTP 400
2026-07-21 07:24:44  [Warning] No install summary for 'TimConnect': Graph GET /beta/deviceAppManagement/mobileApps/e0c59297-007c-478a-b0ee-35a0cf7c4e62/installSummary -> HTTP 400
2026-07-21 07:24:44  [Warning] No install summary for 'Time and Space PIF': Graph GET /beta/deviceAppManagement/mobileApps/5e2d5b0b-fa3d-4140-aac5-27c8269a1062/installSummary -> HTTP 400
2026-07-21 07:24:44  [Warning] No install summary for 'Time AttendanceDesk Admin Client': Graph GET /beta/deviceAppManagement/mobileApps/b8a172ab-7182-4f1d-b8c7-d7644a447327/installSummary -> HTTP 400
2026-07-21 07:24:44  [Warning] No install summary for 'TISWebDMMClient': Graph GET /beta/deviceAppManagement/mobileApps/30c845a6-351d-4583-a307-e37c303fd67a/installSummary -> HTTP 400
2026-07-21 07:24:44  [Warning] No install summary for 'TMX Plant Simulation': Graph GET /beta/deviceAppManagement/mobileApps/c41de437-4212-43fc-aa39-f0981e66009d/installSummary -> HTTP 400
2026-07-21 07:24:44  [Warning] No install summary for 'TMX Plant Simulation MAN CFG': Graph GET /beta/deviceAppManagement/mobileApps/9e948e27-eba3-42c8-8286-063c515031fd/installSummary -> HTTP 400
2026-07-21 07:24:44  [Warning] No install summary for 'Toad for Oracle Base Edition': Graph GET /beta/deviceAppManagement/mobileApps/ac0c49d3-1511-4242-a2d7-bffa44077c3d/installSummary -> HTTP 400
2026-07-21 07:24:44  [Warning] No install summary for 'ToadProfessionalEdition': Graph GET /beta/deviceAppManagement/mobileApps/ea208c29-7907-4106-8e85-58082ae7bc44/installSummary -> HTTP 400
2026-07-21 07:24:44  [Warning] No install summary for 'TortoiseGit': Graph GET /beta/deviceAppManagement/mobileApps/c1a7175a-0206-4392-9274-e00d7f0ab40f/installSummary -> HTTP 400
2026-07-21 07:24:44  [Warning] No install summary for 'Tosca': Graph GET /beta/deviceAppManagement/mobileApps/561e02fd-9854-42bf-87ab-c7f54e179025/installSummary -> HTTP 400
2026-07-21 07:24:44  [Warning] No install summary for 'TotalAgility Scan Agent Service': Graph GET /beta/deviceAppManagement/mobileApps/bb258c42-5c90-46cd-a561-42d0149bf30c/installSummary -> HTTP 400
2026-07-21 07:24:45  [Warning] No install summary for 'TouchEN nxKey Installer': Graph GET /beta/deviceAppManagement/mobileApps/6f197212-a010-400c-8094-30f78348cd9f/installSummary -> HTTP 400
2026-07-21 07:24:45  [Warning] No install summary for 'Trace32TriCorePlusGTM': Graph GET /beta/deviceAppManagement/mobileApps/be0835ce-f65d-44cf-bc19-ae50199fcba9/installSummary -> HTTP 400
2026-07-21 07:24:45  [Warning] No install summary for 'Trados Studio': Graph GET /beta/deviceAppManagement/mobileApps/3651fb91-51c0-44bd-acae-9cd30c366e5d/installSummary -> HTTP 400
2026-07-21 07:24:45  [Warning] No install summary for 'Trailer WIN Italy': Graph GET /beta/deviceAppManagement/mobileApps/4bd8fda8-0da7-45b4-ab73-070e5d2c3616/installSummary -> HTTP 400
2026-07-21 07:24:45  [Warning] No install summary for 'TrailerWIN': Graph GET /beta/deviceAppManagement/mobileApps/c09b829d-38cc-4676-8068-ea2e3869906b/installSummary -> HTTP 400
2026-07-21 07:24:45  [Warning] No install summary for 'TrailerWIN Norway': Graph GET /beta/deviceAppManagement/mobileApps/dafe856b-8830-44a5-8727-664af0f8b786/installSummary -> HTTP 400
2026-07-21 07:24:45  [Warning] No install summary for 'TrailerWin Spain': Graph GET /beta/deviceAppManagement/mobileApps/5bc23942-3e3c-4d7e-88ee-a084150e9847/installSummary -> HTTP 400
2026-07-21 07:24:45  [Warning] No install summary for 'TrailerWINUK': Graph GET /beta/deviceAppManagement/mobileApps/0580420e-ee88-45a6-9a13-fd8cd2f9dfbd/installSummary -> HTTP 400
2026-07-21 07:24:45  [Warning] No install summary for 'TRATONeese': Graph GET /beta/deviceAppManagement/mobileApps/da35b66c-c098-4803-bdee-d034e9630bd5/installSummary -> HTTP 400
2026-07-21 07:24:45  [Warning] No install summary for 'TreiberG500': Graph GET /beta/deviceAppManagement/mobileApps/8a5e9047-450e-45cc-9fad-93fc4440f9f6/installSummary -> HTTP 400
2026-07-21 07:24:45  [Warning] No install summary for 'TreiberUC232A': Graph GET /beta/deviceAppManagement/mobileApps/8160baf3-3d92-448c-a9eb-d6ba70d32634/installSummary -> HTTP 400
2026-07-21 07:24:45  [Warning] No install summary for 'TrustDesk': Graph GET /beta/deviceAppManagement/mobileApps/378bb99f-6fd7-4680-a6be-bf5c86e37d54/installSummary -> HTTP 400
2026-07-21 07:24:45  [Warning] No install summary for 'UiPath Studio': Graph GET /beta/deviceAppManagement/mobileApps/08f75d6b-6ea1-4e9a-b580-3b72086fa6e9/installSummary -> HTTP 400
2026-07-21 07:24:45  [Warning] No install summary for 'UiPath Studio': Graph GET /beta/deviceAppManagement/mobileApps/0a1863bc-9fdd-4417-bbad-c639e5c034dc/installSummary -> HTTP 400
2026-07-21 07:24:46  [Warning] No install summary for 'Ultimaker Cura': Graph GET /beta/deviceAppManagement/mobileApps/3f65ce9a-c0f1-40fd-8d1e-eb949664bce3/installSummary -> HTTP 400
2026-07-21 07:24:46  [Warning] No install summary for 'UltraEdit': Graph GET /beta/deviceAppManagement/mobileApps/e5954e75-ead0-4601-99b3-cb182094ea5d/installSummary -> HTTP 400
2026-07-21 07:24:46  [Warning] No install summary for 'UniCRSV3': Graph GET /beta/deviceAppManagement/mobileApps/8ab1ac60-64b0-44a1-b805-29b77e858673/installSummary -> HTTP 400
2026-07-21 07:24:46  [Warning] No install summary for 'Uninstaller': Graph GET /beta/deviceAppManagement/mobileApps/6971384d-9356-429d-8234-2eefaae6f573/installSummary -> HTTP 400
2026-07-21 07:24:46  [Warning] No install summary for 'Uniplot': Graph GET /beta/deviceAppManagement/mobileApps/757c0ff5-9005-47d8-9702-e52ec01dd950/installSummary -> HTTP 400
2026-07-21 07:24:46  [Warning] No install summary for 'Unitrain': Graph GET /beta/deviceAppManagement/mobileApps/4672d655-fe20-4839-8c81-042930d514f5/installSummary -> HTTP 400
2026-07-21 07:24:46  [Warning] No install summary for 'UnityHub': Graph GET /beta/deviceAppManagement/mobileApps/1e231f3b-a06f-4a27-a7e4-4965e3b280e2/installSummary -> HTTP 400
2026-07-21 07:24:46  [Warning] No install summary for 'Universaltreiber': Graph GET /beta/deviceAppManagement/mobileApps/cfd9b217-a088-4f05-bfff-f55843317f6f/installSummary -> HTTP 400
2026-07-21 07:24:46  [Warning] No install summary for 'UnrealEngine': Graph GET /beta/deviceAppManagement/mobileApps/36c3dc42-cb30-43b5-a8ce-150b9da5fbb1/installSummary -> HTTP 400
2026-07-21 07:24:46  [Warning] No install summary for 'UnrealPlatform': Graph GET /beta/deviceAppManagement/mobileApps/c6c5cf94-2deb-48d3-9e2b-fc4c849fbd8a/installSummary -> HTTP 400
2026-07-21 07:24:46  [Warning] No install summary for 'USB driver': Graph GET /beta/deviceAppManagement/mobileApps/3cf81e82-1f61-42ce-a254-d2a52578eebf/installSummary -> HTTP 400
2026-07-21 07:24:46  [Warning] No install summary for 'USBdriver': Graph GET /beta/deviceAppManagement/mobileApps/422c890b-dc4a-4a20-a43b-feee39e1d133/installSummary -> HTTP 400
2026-07-21 07:24:46  [Warning] No install summary for 'Vault Professional': Graph GET /beta/deviceAppManagement/mobileApps/c9c1316b-b993-4549-9d3c-2c84b903110a/installSummary -> HTTP 400
2026-07-21 07:24:46  [Warning] No install summary for 'VCPDriver': Graph GET /beta/deviceAppManagement/mobileApps/d24b249e-1355-4f7b-8d96-b94cfd55960b/installSummary -> HTTP 400
2026-07-21 07:24:46  [Warning] No install summary for 'VECTO': Graph GET /beta/deviceAppManagement/mobileApps/375b1ab8-a6bb-4e72-bdab-e15e8e8fce5f/installSummary -> HTTP 400
2026-07-21 07:24:46  [Warning] No install summary for 'Vector Driver Setup': Graph GET /beta/deviceAppManagement/mobileApps/3d1bf563-bc29-4fee-b38f-5d0db33c40a3/installSummary -> HTTP 400
2026-07-21 07:24:46  [Warning] No install summary for 'VersionDog': Graph GET /beta/deviceAppManagement/mobileApps/3879ea8e-cb4b-44f4-8b77-02d31fc623e6/installSummary -> HTTP 400
2026-07-21 07:24:47  [Warning] No install summary for 'VersionDog': Graph GET /beta/deviceAppManagement/mobileApps/90d648e9-70fb-4593-8fe2-8ef30e23fb26/installSummary -> HTTP 400
2026-07-21 07:24:47  [Warning] No install summary for 'Versiontool': Graph GET /beta/deviceAppManagement/mobileApps/5e8e3931-7622-45c5-af16-1285130679dd/installSummary -> HTTP 400
2026-07-21 07:24:47  [Warning] No install summary for 'View': Graph GET /beta/deviceAppManagement/mobileApps/72b62a71-6f1e-4285-a0ac-b421cb9fa0be/installSummary -> HTTP 400
2026-07-21 07:24:47  [Warning] No install summary for 'VirtualDeliveryAgent': Graph GET /beta/deviceAppManagement/mobileApps/bd695e1c-c9da-462b-b6ca-4ba494c828df/installSummary -> HTTP 400
2026-07-21 07:24:47  [Warning] No install summary for 'VirtualMachinePlatform': Graph GET /beta/deviceAppManagement/mobileApps/20fabf3f-d2ea-458a-820f-84259da0c451/installSummary -> HTTP 400
2026-07-21 07:24:47  [Warning] No install summary for 'VistecAPP': Graph GET /beta/deviceAppManagement/mobileApps/bf8cf141-fc78-4c99-a85a-c4bbe133b56a/installSummary -> HTTP 400
2026-07-21 07:24:47  [Warning] No install summary for 'Visual LaserMarker VLM': Graph GET /beta/deviceAppManagement/mobileApps/4918f347-08cc-4c82-96a4-031823be7545/installSummary -> HTTP 400
2026-07-21 07:24:47  [Warning] No install summary for 'Visual Studio 2010 Tools for Office Runtime': Graph GET /beta/deviceAppManagement/mobileApps/ca860b8b-f97f-4634-91d4-42679dc481a4/installSummary -> HTTP 400
2026-07-21 07:24:47  [Warning] No install summary for 'Visual Studio 2010 Tools for Office Runtime': Graph GET /beta/deviceAppManagement/mobileApps/1dbe23e0-7d0e-4f11-adbd-729d425d5ade/installSummary -> HTTP 400
2026-07-21 07:24:48  [Warning] No install summary for 'Visual Studio 2022 Professional': Graph GET /beta/deviceAppManagement/mobileApps/bd1c470e-b51d-453a-b5f4-dcfba0877fc6/installSummary -> HTTP 400
2026-07-21 07:24:48  [Warning] No install summary for 'Visual Studio Code': Graph GET /beta/deviceAppManagement/mobileApps/0e3732e0-3603-47e8-bdc2-d4ed28bb6f83/installSummary -> HTTP 400
2026-07-21 07:24:48  [Warning] No install summary for 'Visual Studio Code': Graph GET /beta/deviceAppManagement/mobileApps/63d8e87a-4706-4002-a970-de79c75ab041/installSummary -> HTTP 400
2026-07-21 07:24:48  [Warning] No install summary for 'Visual Studio Professional 2022': Graph GET /beta/deviceAppManagement/mobileApps/919dfb12-4761-4c75-bbe2-4906d66814fc/installSummary -> HTTP 400
2026-07-21 07:24:48  [Warning] No install summary for 'Visual Studio Professional 2026 Advanced': Graph GET /beta/deviceAppManagement/mobileApps/2cd87f1e-3d9d-4fa2-aa2c-390be28b1655/installSummary -> HTTP 400
2026-07-21 07:24:48  [Warning] No install summary for 'VisualStudioCode-UPD': Graph GET /beta/deviceAppManagement/mobileApps/d0463dc2-0c70-45ee-9320-2e9fe2a539d2/installSummary -> HTTP 400
2026-07-21 07:24:48  [Warning] No install summary for 'VisualStudioProfessional2022CATIA': Graph GET /beta/deviceAppManagement/mobileApps/3edef314-1c85-4bdb-a4ec-d410feb7ac7f/installSummary -> HTTP 400
2026-07-21 07:24:48  [Warning] No install summary for 'VLC WinGet Pre Post': Graph GET /beta/deviceAppManagement/mobileApps/a7998c1e-e883-4834-b9d1-e906cedf97f7/installSummary -> HTTP 400
2026-07-21 07:24:48  [Warning] No install summary for 'vokoscreenNG': Graph GET /beta/deviceAppManagement/mobileApps/350ff7a4-c223-4745-8390-bc162dc9d2d0/installSummary -> HTTP 400
2026-07-21 07:24:48  [Warning] No install summary for 'VPSMail': Graph GET /beta/deviceAppManagement/mobileApps/aefef82e-8e86-474d-b501-1bb230ec2d53/installSummary -> HTTP 400
2026-07-21 07:24:48  [Warning] No install summary for 'VSCodeUserSetup-x64-1.106.2.exe': Graph GET /beta/deviceAppManagement/mobileApps/31b61001-0b4d-4d65-99df-11a38f52b5c6/installSummary -> HTTP 400
2026-07-21 07:24:49  [Warning] No install summary for 'vSignalyzer': Graph GET /beta/deviceAppManagement/mobileApps/700dfc2b-7781-4851-921e-42135252a96f/installSummary -> HTTP 400
2026-07-21 07:24:49  [Warning] No install summary for 'vSignalyzer': Graph GET /beta/deviceAppManagement/mobileApps/2cdedf2b-ab43-4695-b81c-c2abb988bc72/installSummary -> HTTP 400
2026-07-21 07:24:49  [Warning] No install summary for 'vTEST studio': Graph GET /beta/deviceAppManagement/mobileApps/0c26799b-0e52-44e0-a2bf-e998ea12e97a/installSummary -> HTTP 400
2026-07-21 07:24:49  [Warning] No install summary for 'VW Start': Graph GET /beta/deviceAppManagement/mobileApps/9274bc04-32d0-4bd1-a239-9b886bdf70c4/installSummary -> HTTP 400
2026-07-21 07:24:49  [Warning] No install summary for 'Wave': Graph GET /beta/deviceAppManagement/mobileApps/f8644012-da81-4206-a841-4281f6429688/installSummary -> HTTP 400
2026-07-21 07:24:50  [Warning] No install summary for 'Wave': Graph GET /beta/deviceAppManagement/mobileApps/45b89221-5400-45ad-b44a-81ae6ec3085e/installSummary -> HTTP 400
2026-07-21 07:24:50  [Warning] No install summary for 'Web Capture Service': Graph GET /beta/deviceAppManagement/mobileApps/580284d9-2bc0-4cdb-8d8f-1a8ec8e3dd23/installSummary -> HTTP 400
2026-07-21 07:24:50  [Warning] No install summary for 'Webex': Graph GET /beta/deviceAppManagement/mobileApps/b1ba1928-2f6a-4583-952f-de870dd59af0/installSummary -> HTTP 400
2026-07-21 07:24:50  [Warning] No install summary for 'WebPlotDigitizer': Graph GET /beta/deviceAppManagement/mobileApps/0e88110f-1667-412b-b8b9-5c7764b6b137/installSummary -> HTTP 400
2026-07-21 07:24:50  [Warning] No install summary for 'WebPrint': Graph GET /beta/deviceAppManagement/mobileApps/85afaa8c-3cd9-43a5-96de-afb6ea59ddef/installSummary -> HTTP 400
2026-07-21 07:24:50  [Warning] No install summary for 'WebSigner Suite for Barclays': Graph GET /beta/deviceAppManagement/mobileApps/f00e4689-0e65-4677-a25b-0ec32ea48371/installSummary -> HTTP 400
2026-07-21 07:24:50  [Warning] No install summary for 'wehagoagent': Graph GET /beta/deviceAppManagement/mobileApps/18ff152e-7a67-4ece-8e67-cff65f159fc2/installSummary -> HTTP 400
2026-07-21 07:24:51  [Warning] No install summary for 'WibuKeyRuntime': Graph GET /beta/deviceAppManagement/mobileApps/51889d2a-0a52-499b-b7cd-c3e831aa66ce/installSummary -> HTTP 400
2026-07-21 07:24:51  [Warning] No install summary for 'Windows PowerShell': Graph GET /beta/deviceAppManagement/mobileApps/d25cdbf5-b3fa-478a-803e-5c2f13720883/installSummary -> HTTP 400
2026-07-21 07:24:51  [Warning] No install summary for 'WinGet-AutoUpdate-Configurator': Graph GET /beta/deviceAppManagement/mobileApps/22a0d441-f330-4baf-8afc-5a2b4b4d7db5/installSummary -> HTTP 400
2026-07-21 07:24:51  [Warning] No install summary for 'WinMerge': Graph GET /beta/deviceAppManagement/mobileApps/84997ead-9575-4d5d-a149-096e698cbcc1/installSummary -> HTTP 400
2026-07-21 07:24:51  [Warning] No install summary for 'WinMerge': Graph GET /beta/deviceAppManagement/mobileApps/e5244a38-56cc-4072-84de-f129acfd1043/installSummary -> HTTP 400
2026-07-21 07:24:52  [Warning] No install summary for 'WinPat': Graph GET /beta/deviceAppManagement/mobileApps/f04243a3-f0b6-4021-b25a-6687060484d4/installSummary -> HTTP 400
2026-07-21 07:24:52  [Warning] No install summary for 'WinSCP': Graph GET /beta/deviceAppManagement/mobileApps/043a1db4-8d84-41a5-9514-446c36e9cf26/installSummary -> HTTP 400
2026-07-21 07:24:52  [Warning] No install summary for 'WinSCP': Graph GET /beta/deviceAppManagement/mobileApps/c4029349-19f6-406e-96d9-615fbb9bd90a/installSummary -> HTTP 400
2026-07-21 07:24:52  [Warning] No install summary for 'WinSCP-UPD': Graph GET /beta/deviceAppManagement/mobileApps/3acde301-366d-4ee6-a7c0-9a830879406e/installSummary -> HTTP 400
2026-07-21 07:24:53  [Warning] No install summary for 'Wireshark': Graph GET /beta/deviceAppManagement/mobileApps/d9915605-e569-4b31-8655-149f76cdf767/installSummary -> HTTP 400
2026-07-21 07:24:53  [Warning] No install summary for 'Wireshark': Graph GET /beta/deviceAppManagement/mobileApps/9cf81d32-a088-4db8-bb9f-8d5c697dccfa/installSummary -> HTTP 400
2026-07-21 07:24:53  [Warning] No install summary for 'Wireshark': Graph GET /beta/deviceAppManagement/mobileApps/450f8b78-44ec-42a5-957a-ceb38896a264/installSummary -> HTTP 400
2026-07-21 07:24:53  [Warning] No install summary for 'Wireshark-UPD': Graph GET /beta/deviceAppManagement/mobileApps/7f7a0e9a-78c2-4526-ba30-972fc8a9eb21/installSummary -> HTTP 400
2026-07-21 07:24:53  [Warning] No install summary for 'WLANProfile': Graph GET /beta/deviceAppManagement/mobileApps/d5194ccb-6f50-4d32-af91-fdf8af3d7d5f/installSummary -> HTTP 400
2026-07-21 07:24:53  [Warning] No install summary for 'Workspace MAN': Graph GET /beta/deviceAppManagement/mobileApps/8b69388a-d72d-4333-a323-5c1a096c9ed3/installSummary -> HTTP 400
2026-07-21 07:24:54  [Warning] No install summary for 'Workspace MAN': Graph GET /beta/deviceAppManagement/mobileApps/de5d8ae7-6ce4-45f1-b4f0-6c2d60e05349/installSummary -> HTTP 400
2026-07-21 07:24:54  [Warning] No install summary for 'Workspace MAN -Test_Dispose': Graph GET /beta/deviceAppManagement/mobileApps/8614836b-9710-4162-9562-a0e19fdbff5f/installSummary -> HTTP 400
2026-07-21 07:24:54  [Warning] No install summary for 'WorkspaceMAN Remover': Graph GET /beta/deviceAppManagement/mobileApps/da9991d5-296b-4d32-b10c-8e462bfefed3/installSummary -> HTTP 400
2026-07-21 07:24:54  [Warning] No install summary for 'WorkspaceMAN-UPD': Graph GET /beta/deviceAppManagement/mobileApps/2e53698b-3432-4910-a80c-5b35f731f6f1/installSummary -> HTTP 400
2026-07-21 07:24:55  [Warning] No install summary for 'WorkspaceMAN-UPD -Test_Dispose': Graph GET /beta/deviceAppManagement/mobileApps/06d55fec-b27d-4f51-bace-2ef5a53adb98/installSummary -> HTTP 400
2026-07-21 07:24:55  [Warning] No install summary for 'WorldServerExplorer': Graph GET /beta/deviceAppManagement/mobileApps/9441a40d-cf3b-410e-8746-353ec91e5b58/installSummary -> HTTP 400
2026-07-21 07:24:55  [Warning] No install summary for 'XCOM': Graph GET /beta/deviceAppManagement/mobileApps/9d54f28b-1208-47c3-8b34-0043134f8e4a/installSummary -> HTTP 400
2026-07-21 07:24:55  [Warning] No install summary for 'XCOM': Graph GET /beta/deviceAppManagement/mobileApps/5412e6ef-f36b-4cca-ad27-533807e77fdb/installSummary -> HTTP 400
2026-07-21 07:24:56  [Warning] No install summary for 'XMAX': Graph GET /beta/deviceAppManagement/mobileApps/93645703-2274-4ed5-b0df-a7779ec033ad/installSummary -> HTTP 400
2026-07-21 07:24:56  [Warning] No install summary for 'XMLSPY2023Pro': Graph GET /beta/deviceAppManagement/mobileApps/d16c69de-ba8d-45d6-84e5-3abe7d850640/installSummary -> HTTP 400
2026-07-21 07:24:56  [Warning] No install summary for 'XSign Designer': Graph GET /beta/deviceAppManagement/mobileApps/18ec597d-6d63-4c73-8f14-3c93cc6d9fe7/installSummary -> HTTP 400
2026-07-21 07:24:56  [Warning] No install summary for 'XVL Studio Pro': Graph GET /beta/deviceAppManagement/mobileApps/f05453ba-e2e7-4666-b04f-48e02f6b08e0/installSummary -> HTTP 400
2026-07-21 07:24:56  [Warning] No install summary for 'XVLPlayer': Graph GET /beta/deviceAppManagement/mobileApps/f8f570ce-a88f-42ef-8cdb-ea9c723e027a/installSummary -> HTTP 400
2026-07-21 07:24:56  [Warning] No install summary for 'Z2 TWR G1i Workstation BIOS Update': Graph GET /beta/deviceAppManagement/mobileApps/91b6c00b-b816-4e40-883c-9ac1255d8011/installSummary -> HTTP 400
2026-07-21 07:24:56  [Warning] No install summary for 'ZaARC VPN Workshops': Graph GET /beta/deviceAppManagement/mobileApps/7e588571-3c4c-48f8-a529-328107be7b58/installSummary -> HTTP 400
2026-07-21 07:24:56  [Warning] No install summary for 'ZaARCVPNPlants': Graph GET /beta/deviceAppManagement/mobileApps/d42483d1-7500-445f-9196-ff8a997f51d0/installSummary -> HTTP 400
2026-07-21 07:24:57  [Warning] No install summary for 'ZBook Fury 16 G11 BIOS Update': Graph GET /beta/deviceAppManagement/mobileApps/a71ef807-fdd7-4a9c-bc0d-2b14e23c4cbd/installSummary -> HTTP 400
2026-07-21 07:24:57  [Warning] No install summary for 'ZBook Fury 1x G8 BIOS Update': Graph GET /beta/deviceAppManagement/mobileApps/a61397bb-566b-4156-98e9-5ae924c06f0e/installSummary -> HTTP 400
2026-07-21 07:24:57  [Warning] No install summary for 'ZBook Power 16 G11 A BIOS Update': Graph GET /beta/deviceAppManagement/mobileApps/8c3f1c87-6136-4e94-b7b2-fc48de210cc8/installSummary -> HTTP 400
2026-07-21 07:24:57  [Warning] No install summary for 'ZebraDesigner': Graph GET /beta/deviceAppManagement/mobileApps/9b3dd52a-b709-41fe-b818-015d44aaa680/installSummary -> HTTP 400
2026-07-21 07:24:57  [Warning] No install summary for 'ZeissInspect': Graph GET /beta/deviceAppManagement/mobileApps/d6f101b1-eed7-4cf0-abb5-c7966ed2e49a/installSummary -> HTTP 400
2026-07-21 07:24:57  [Warning] No install summary for 'ZG View': Graph GET /beta/deviceAppManagement/mobileApps/2964ac70-f9e1-44aa-b752-172d889090f8/installSummary -> HTTP 400
2026-07-21 07:24:57  [Warning] No install summary for 'Zsuite': Graph GET /beta/deviceAppManagement/mobileApps/d0be976a-e70f-4ab1-93c0-f0fabc99c94e/installSummary -> HTTP 400
2026-07-21 07:25:27  [Warning] Audit events unavailable (Graph GET /beta/deviceManagement/auditEvents?$filter=activityDateTime+gt+2026-06-21T05%3a24%3a57Z&$top=100&$skiptoken=%255Bcosmosdb%255D%255B%257B%2522token%2522%253A%2522%252BRID%253A~vbhMAMn-mt1TjZIBAAAgCg%253D%253D%2523RT%253A2%2523TRC%253A119%2523ISV%253A2%2523IEO%253A65567%2523QCF%253A8%2523FPC%253AAghKBgAAgCgAAEwGAACAKAAASgYAAIAoAAAUAFONVoBWgdmFK4x4jJGAhYDqhtKBSwYAAIAoAAAIADODJIy%252FgN6DTAYAAIAoAAAWABmVFYYegOiC3oCXgB2Cu4JHhguEI44%253D%2522%252C%2522range%2522%253A%257B%2522min%2522%253A%252212FFFFFFFFFFFFFFFFFFFFFFFFFFFFFD%2522%252C%2522max%2522%253A%252213FFFFFFFFFFFFFFFFFFFFFFFFFFFFFD%2522%257D%257D%255D -> HTTP 429). 'Changed by' will be blank.
2026-07-21 07:25:28  [Info] Snapshot written: apps-20260721-072528.json
2026-07-21 07:25:29  [Success] HTML report written: C:\Users\AW140\Downloads\IntuneAppReport\Data\IntuneAppReport.html
2026-07-21 07:42:08  [Success] Found 801 Win32 app(s).
2026-07-21 07:42:10  [Warning] No install summary for '.net Runtime 3.5': Graph GET /beta/deviceAppManagement/mobileApps/189391fd-23eb-429b-ad1a-199babd36fac/installSummary -> HTTP 400
2026-07-21 07:42:10  [Warning] No install summary for '1641 Test': Graph GET /beta/deviceAppManagement/mobileApps/7e69eaf1-a1a2-494b-a3ed-954c4d99d533/installSummary -> HTTP 400
2026-07-21 07:42:10  [Warning] No install summary for '1641_PSADT_ Latest': Graph GET /beta/deviceAppManagement/mobileApps/c2070bdc-82fe-4838-8bc6-674ed79dadb1/installSummary -> HTTP 400
2026-07-21 07:42:10  [Warning] No install summary for '1641ps1.ps1': Graph GET /beta/deviceAppManagement/mobileApps/9aed5179-8a9d-4430-b50c-32b38a1fa505/installSummary -> HTTP 400
2026-07-21 07:42:10  [Warning] No install summary for '365 Apps Semi Annual Channel Limited': Graph GET /beta/deviceAppManagement/mobileApps/c4988d74-e12b-49fe-b025-6e45375c90ef/installSummary -> HTTP 400
2026-07-21 07:42:10  [Warning] No install summary for '365 copilot System': Graph GET /beta/deviceAppManagement/mobileApps/80088897-6be1-42bb-9a90-1f045679341e/installSummary -> HTTP 400
2026-07-21 07:42:10  [Warning] No install summary for '3D Evolution': Graph GET /beta/deviceAppManagement/mobileApps/2a6a1ae1-b058-45d6-8ac9-64ec17da2441/installSummary -> HTTP 400
2026-07-21 07:42:10  [Warning] No install summary for '3d Studio': Graph GET /beta/deviceAppManagement/mobileApps/d264984e-48f1-4fb4-b499-b286bd84c0c0/installSummary -> HTTP 400
2026-07-21 07:42:10  [Warning] No install summary for '3D Tool': Graph GET /beta/deviceAppManagement/mobileApps/f8f26a8e-f047-40b4-9448-0cc87162e1f7/installSummary -> HTTP 400
2026-07-21 07:42:10  [Warning] No install summary for '3D XML Player': Graph GET /beta/deviceAppManagement/mobileApps/b4832e43-0515-401d-8dfb-3dcc57f2682d/installSummary -> HTTP 400
2026-07-21 07:42:10  [Warning] No install summary for '3Dconnexion 3DxWare 10 - (Winget) ': Graph GET /beta/deviceAppManagement/mobileApps/c0f607ce-90e0-4b56-84d8-a201cb74d6ed/installSummary -> HTTP 400
2026-07-21 07:42:10  [Warning] No install summary for '3DViewStation': Graph GET /beta/deviceAppManagement/mobileApps/b7170704-fa3e-4520-b5ee-763618f7dc6d/installSummary -> HTTP 400
2026-07-21 07:42:10  [Warning] No install summary for '3DxWare': Graph GET /beta/deviceAppManagement/mobileApps/88e2dff4-be87-4ec3-80e2-919f6dae36ff/installSummary -> HTTP 400
2026-07-21 07:42:10  [Warning] No install summary for '7Zip': Graph GET /beta/deviceAppManagement/mobileApps/21b23335-f800-40e9-b9b2-5b6f4f298ece/installSummary -> HTTP 400
2026-07-21 07:42:11  [Warning] No install summary for '7Zip': Graph GET /beta/deviceAppManagement/mobileApps/e8d09854-3741-4b21-9fbc-727b48455d11/installSummary -> HTTP 400
2026-07-21 07:42:11  [Warning] No install summary for '7-Zip': Graph GET /beta/deviceAppManagement/mobileApps/c8fc84da-975a-4ea4-b269-45e5bd5a6017/installSummary -> HTTP 400
2026-07-21 07:42:12  [Warning] No install summary for '7-Zip': Graph GET /beta/deviceAppManagement/mobileApps/71ea6fad-dce6-4810-b53a-6313f920acaf/installSummary -> HTTP 400
2026-07-21 07:42:12  [Warning] No install summary for 'ACC Client': Graph GET /beta/deviceAppManagement/mobileApps/29d31715-2b71-402d-91bd-5737078c31a7/installSummary -> HTTP 400
2026-07-21 07:42:12  [Warning] No install summary for 'Aconso Client': Graph GET /beta/deviceAppManagement/mobileApps/745faa3c-216b-42b0-8b16-0cb527fb4546/installSummary -> HTTP 400
2026-07-21 07:42:12  [Warning] No install summary for 'Aconso Client': Graph GET /beta/deviceAppManagement/mobileApps/df64bc5b-8520-4de8-a1e3-567102aca84c/installSummary -> HTTP 400
2026-07-21 07:42:13  [Warning] No install summary for 'Acrobat Pro': Graph GET /beta/deviceAppManagement/mobileApps/a63419c9-5a69-4ddd-9bad-83742bde03bc/installSummary -> HTTP 400
2026-07-21 07:42:13  [Warning] No install summary for 'Acrobat Reader': Graph GET /beta/deviceAppManagement/mobileApps/48404abe-6a33-4599-8bd3-2e323013e11c/installSummary -> HTTP 400
2026-07-21 07:42:13  [Warning] No install summary for 'Acrobat Reader DC': Graph GET /beta/deviceAppManagement/mobileApps/8b657296-8a9b-4a6f-9c5e-45077f8b35ed/installSummary -> HTTP 400
2026-07-21 07:42:13  [Warning] No install summary for 'AcrolinxforOffice': Graph GET /beta/deviceAppManagement/mobileApps/2bdeaa37-b181-4576-9308-d6b90282dbcc/installSummary -> HTTP 400
2026-07-21 07:42:14  [Warning] No install summary for 'Active Roles': Graph GET /beta/deviceAppManagement/mobileApps/6538b34b-f15e-4213-8c5f-dd19de8955e3/installSummary -> HTTP 400
2026-07-21 07:42:14  [Warning] No install summary for 'ActiveCockpit Desklink': Graph GET /beta/deviceAppManagement/mobileApps/830ce66d-cc96-47ea-a968-c41137a82c2c/installSummary -> HTTP 400
2026-07-21 07:42:14  [Warning] No install summary for 'ActiveComponentFramework': Graph GET /beta/deviceAppManagement/mobileApps/ce4e2d6f-e6da-4800-b0f4-6fcf6b845511/installSummary -> HTTP 400
2026-07-21 07:42:14  [Warning] No install summary for 'AdcoleGage': Graph GET /beta/deviceAppManagement/mobileApps/bd741cc4-49e4-4310-baf5-0b54d2843cb6/installSummary -> HTTP 400
2026-07-21 07:42:14  [Warning] No install summary for 'Add Printer Wizard': Graph GET /beta/deviceAppManagement/mobileApps/450b15b1-bde9-49f5-8435-3daedcf808ee/installSummary -> HTTP 400
2026-07-21 07:42:14  [Warning] No install summary for 'Add Printer Wizard': Graph GET /beta/deviceAppManagement/mobileApps/4fc57c7f-0782-4cf5-b080-c2c633b6370c/installSummary -> HTTP 400
2026-07-21 07:42:14  [Warning] No install summary for 'Add Printer Wizard': Graph GET /beta/deviceAppManagement/mobileApps/f7d25252-cbe5-4dfe-83fc-fc56a6936344/installSummary -> HTTP 400
2026-07-21 07:42:14  [Warning] No install summary for 'AddPrinterWizard-UPD': Graph GET /beta/deviceAppManagement/mobileApps/dc7f9e4a-6131-4f57-b178-ee6158e0dfe5/installSummary -> HTTP 400
2026-07-21 07:42:14  [Warning] No install summary for 'Adobe AcrobatReader DC': Graph GET /beta/deviceAppManagement/mobileApps/e108b239-a510-449a-a8fb-816248877b82/installSummary -> HTTP 400
2026-07-21 07:42:15  [Warning] No install summary for 'Adobe AcrobatReader DC': Graph GET /beta/deviceAppManagement/mobileApps/6e77afa0-b312-4a7f-81df-f4d3c90a2683/installSummary -> HTTP 400
2026-07-21 07:42:15  [Warning] No install summary for 'Adobe AcrobatReader DC Update': Graph GET /beta/deviceAppManagement/mobileApps/d80c9484-6115-46c2-94f5-65e7ee0c4751/installSummary -> HTTP 400
2026-07-21 07:42:15  [Warning] No install summary for 'AFORIX': Graph GET /beta/deviceAppManagement/mobileApps/5b394eea-c642-4deb-81a6-88ea6d294880/installSummary -> HTTP 400
2026-07-21 07:42:15  [Warning] No install summary for 'AFxFormatViewerSetup': Graph GET /beta/deviceAppManagement/mobileApps/2201445f-0fb2-4e79-ac07-c6bae88264fb/installSummary -> HTTP 400
2026-07-21 07:42:15  [Warning] No install summary for 'Agent': Graph GET /beta/deviceAppManagement/mobileApps/2b0a113e-9745-4e23-a0f3-c01ba9154987/installSummary -> HTTP 400
2026-07-21 07:42:15  [Warning] No install summary for 'AgentENS WOB': Graph GET /beta/deviceAppManagement/mobileApps/a5638a4b-ea07-4b27-b057-533c6540dada/installSummary -> HTTP 400
2026-07-21 07:42:15  [Warning] No install summary for 'AgentOneClient': Graph GET /beta/deviceAppManagement/mobileApps/b8bd8fd1-21db-484a-87f4-3e66016d45f2/installSummary -> HTTP 400
2026-07-21 07:42:15  [Warning] No install summary for 'AgentOneSupervisor': Graph GET /beta/deviceAppManagement/mobileApps/1f29e87b-9108-4224-b997-5aa271b2c2b5/installSummary -> HTTP 400
2026-07-21 07:42:15  [Warning] No install summary for 'AgentRansack': Graph GET /beta/deviceAppManagement/mobileApps/69f05c4e-ce4e-42be-a2d9-938ef6e786ed/installSummary -> HTTP 400
2026-07-21 07:42:15  [Warning] No install summary for 'Agent-UPD': Graph GET /beta/deviceAppManagement/mobileApps/1b6c9942-75bd-45e5-be8f-a36bd9f20dca/installSummary -> HTTP 400
2026-07-21 07:42:15  [Warning] No install summary for 'AIStudio': Graph GET /beta/deviceAppManagement/mobileApps/ed7e3c1d-e4ee-45d2-8a8d-7daa5db7dc6b/installSummary -> HTTP 400
2026-07-21 07:42:15  [Warning] No install summary for 'ALMClientLauncher': Graph GET /beta/deviceAppManagement/mobileApps/1164a6a4-74f5-4c50-916a-d22773c983fd/installSummary -> HTTP 400
2026-07-21 07:42:15  [Warning] No install summary for 'AMD Audio CoProcessor': Graph GET /beta/deviceAppManagement/mobileApps/8c948221-9115-454a-aff1-a383d6e8a5db/installSummary -> HTTP 400
2026-07-21 07:42:15  [Warning] No install summary for 'Anaconda3': Graph GET /beta/deviceAppManagement/mobileApps/f09ec2cf-e72c-4185-b8f4-257d01b2dc62/installSummary -> HTTP 400
2026-07-21 07:42:15  [Warning] No install summary for 'Analysis for MicrosoftOffice365': Graph GET /beta/deviceAppManagement/mobileApps/75626105-a383-4f27-b73c-c44348452bb9/installSummary -> HTTP 400
2026-07-21 07:42:16  [Warning] No install summary for 'Analytics Platform': Graph GET /beta/deviceAppManagement/mobileApps/523a7bb5-7428-44f5-b05b-c662bcd3168f/installSummary -> HTTP 400
2026-07-21 07:42:16  [Warning] No install summary for 'AnalyticsPlatform': Graph GET /beta/deviceAppManagement/mobileApps/515f3f04-6aff-470e-80d7-9c9a180d081e/installSummary -> HTTP 400
2026-07-21 07:42:16  [Warning] No install summary for 'Animator4': Graph GET /beta/deviceAppManagement/mobileApps/94829068-25cb-42cf-ab77-f98b78431953/installSummary -> HTTP 400
2026-07-21 07:42:16  [Warning] No install summary for 'ANSA': Graph GET /beta/deviceAppManagement/mobileApps/12604868-004f-44a0-bc80-c057a395353b/installSummary -> HTTP 400
2026-07-21 07:42:16  [Warning] No install summary for 'AnySign': Graph GET /beta/deviceAppManagement/mobileApps/6c5f299f-1fcd-497b-8bab-7f44486ffaf0/installSummary -> HTTP 400
2026-07-21 07:42:17  [Warning] No install summary for 'AnySign': Graph GET /beta/deviceAppManagement/mobileApps/3509ac66-f836-42a8-9677-a02742875b59/installSummary -> HTTP 400
2026-07-21 07:42:17  [Warning] No install summary for 'AnySign': Graph GET /beta/deviceAppManagement/mobileApps/e6f8436f-161a-4024-b471-e83678485bdd/installSummary -> HTTP 400
2026-07-21 07:42:17  [Warning] No install summary for 'ArcGISEarth': Graph GET /beta/deviceAppManagement/mobileApps/3cd15f80-eac1-40b2-874c-9e984d449678/installSummary -> HTTP 400
2026-07-21 07:42:17  [Warning] No install summary for 'Arduino': Graph GET /beta/deviceAppManagement/mobileApps/fdf8b80b-64ff-4bcf-9e86-ac4f1f27e593/installSummary -> HTTP 400
2026-07-21 07:42:18  [Warning] No install summary for 'ArtemisSuite': Graph GET /beta/deviceAppManagement/mobileApps/a0e9375f-26b5-4343-b6a9-7d613b2f35cf/installSummary -> HTTP 400
2026-07-21 07:42:18  [Warning] No install summary for 'Articulate 360': Graph GET /beta/deviceAppManagement/mobileApps/8f8c2290-bec0-49fb-9425-abc1b1fa4dae/installSummary -> HTTP 400
2026-07-21 07:42:18  [Warning] No install summary for 'ASBwinMAN': Graph GET /beta/deviceAppManagement/mobileApps/8b93cc06-0790-4918-919e-64e5c31b6b5e/installSummary -> HTTP 400
2026-07-21 07:42:18  [Warning] No install summary for 'Attendant Console': Graph GET /beta/deviceAppManagement/mobileApps/58fc7d48-70e1-4b14-a3b8-78a4113cce39/installSummary -> HTTP 400
2026-07-21 07:42:18  [Warning] No install summary for 'AttendantClient': Graph GET /beta/deviceAppManagement/mobileApps/e0f75a49-2f85-445c-b5fd-d3c0db0f8f61/installSummary -> HTTP 400
2026-07-21 07:42:18  [Warning] No install summary for 'AUCOTECview Navigation': Graph GET /beta/deviceAppManagement/mobileApps/cdee21e3-3c10-4522-a558-32f6dd2ebf30/installSummary -> HTTP 400
2026-07-21 07:42:18  [Warning] No install summary for 'Audacity': Graph GET /beta/deviceAppManagement/mobileApps/1eb9ea1b-5132-40c6-97bd-bc8d031ade2b/installSummary -> HTTP 400
2026-07-21 07:42:18  [Warning] No install summary for 'Authentication Client': Graph GET /beta/deviceAppManagement/mobileApps/75307f51-80c9-4bdc-a70c-81f02eeaf779/installSummary -> HTTP 400
2026-07-21 07:42:18  [Warning] No install summary for 'AutoCAD 2024 LT Polish': Graph GET /beta/deviceAppManagement/mobileApps/cb40716c-247b-40e4-be55-c4fe3b7724b4/installSummary -> HTTP 400
2026-07-21 07:42:18  [Warning] No install summary for 'AutoCAD DEU': Graph GET /beta/deviceAppManagement/mobileApps/55a03cfd-1a91-4c40-a0a6-ac94fb45bd9b/installSummary -> HTTP 400
2026-07-21 07:42:18  [Warning] No install summary for 'AutoCAD ENG': Graph GET /beta/deviceAppManagement/mobileApps/d0945b62-c41b-4c8d-beb2-939b0a8480e7/installSummary -> HTTP 400
2026-07-21 07:42:18  [Warning] No install summary for 'AutoCAD LT DEU': Graph GET /beta/deviceAppManagement/mobileApps/bca6cdca-f3ae-4131-9822-739624edaa6a/installSummary -> HTTP 400
2026-07-21 07:42:18  [Warning] No install summary for 'AutoCAD LT ENG': Graph GET /beta/deviceAppManagement/mobileApps/5de5ac68-bfb6-41da-8bc5-503931acfa82/installSummary -> HTTP 400
2026-07-21 07:42:19  [Warning] No install summary for 'AutoCAD Mechanical 2024': Graph GET /beta/deviceAppManagement/mobileApps/d91e45b6-64b5-4bea-937f-1d5191960105/installSummary -> HTTP 400
2026-07-21 07:42:19  [Warning] No install summary for 'AutoCADArchitectureDEU': Graph GET /beta/deviceAppManagement/mobileApps/0c8b4ca5-d2b3-4b75-8767-3807d5adf481/installSummary -> HTTP 400
2026-07-21 07:42:19  [Warning] No install summary for 'AutoCADDEU_NewPSADT4.1.0': Graph GET /beta/deviceAppManagement/mobileApps/ccef284b-d2a0-4353-99a5-14ff17288a66/installSummary -> HTTP 400
2026-07-21 07:42:19  [Warning] No install summary for 'AutoCADLT2024ENG': Graph GET /beta/deviceAppManagement/mobileApps/84d28659-12a6-478a-855a-2fec109aef93/installSummary -> HTTP 400
2026-07-21 07:42:19  [Warning] No install summary for 'AutoCADMANTEDAddOn': Graph GET /beta/deviceAppManagement/mobileApps/80b4e03a-df0c-48fd-b883-d94343355756/installSummary -> HTTP 400
2026-07-21 07:42:19  [Warning] No install summary for 'Autofirma': Graph GET /beta/deviceAppManagement/mobileApps/59ea31e4-4ef1-4ef9-8fd3-b84e30f871db/installSummary -> HTTP 400
2026-07-21 07:42:19  [Warning] No install summary for 'Avidemux': Graph GET /beta/deviceAppManagement/mobileApps/a0dc76d4-e0a4-4b74-8220-90ebbced07f4/installSummary -> HTTP 400
2026-07-21 07:42:19  [Warning] No install summary for 'AWS Command Line Interface': Graph GET /beta/deviceAppManagement/mobileApps/75e8a117-ac7d-4102-b18b-ba5ad02c1ff3/installSummary -> HTTP 400
2026-07-21 07:42:19  [Warning] No install summary for 'AWS Session Manager Plugin': Graph GET /beta/deviceAppManagement/mobileApps/7e0067d3-196f-4b64-9d15-f46fb61bca64/installSummary -> HTTP 400
2026-07-21 07:42:19  [Warning] No install summary for 'BambuStudio': Graph GET /beta/deviceAppManagement/mobileApps/e69a07fe-d257-449a-9813-c4d465f9fbd8/installSummary -> HTTP 400
2026-07-21 07:42:19  [Warning] No install summary for 'BankettprofiClient': Graph GET /beta/deviceAppManagement/mobileApps/c229143c-4dea-47fc-a9eb-205feea33a53/installSummary -> HTTP 400
2026-07-21 07:42:20  [Warning] No install summary for 'BarCodeFonts': Graph GET /beta/deviceAppManagement/mobileApps/4227ccbf-0a2f-4711-a619-1c08ac14fc30/installSummary -> HTTP 400
2026-07-21 07:42:20  [Warning] No install summary for 'Bartender': Graph GET /beta/deviceAppManagement/mobileApps/0b8ba52e-2089-45f9-8a54-1504816a60dd/installSummary -> HTTP 400
2026-07-21 07:42:20  [Warning] No install summary for 'Base': Graph GET /beta/deviceAppManagement/mobileApps/c16ba329-8b61-44c3-91a7-aaf3a2c8daa0/installSummary -> HTTP 400
2026-07-21 07:42:20  [Warning] No install summary for 'BDRVWBX8Z31 Treiber': Graph GET /beta/deviceAppManagement/mobileApps/8a671fd0-5ba6-4c0e-ac0d-b10718a5a677/installSummary -> HTTP 400
2026-07-21 07:42:20  [Warning] No install summary for 'beAClientSecurity': Graph GET /beta/deviceAppManagement/mobileApps/b38ddcb7-8adf-4775-9d5e-98acfd99a0b7/installSummary -> HTTP 400
2026-07-21 07:42:20  [Warning] No install summary for 'Belgium e-ID middleware': Graph GET /beta/deviceAppManagement/mobileApps/3f111562-eec3-4c2f-b338-e390e2d5733c/installSummary -> HTTP 400
2026-07-21 07:42:20  [Warning] No install summary for 'BendingStudio': Graph GET /beta/deviceAppManagement/mobileApps/58e30279-6a75-41a9-8212-072da4d7f944/installSummary -> HTTP 400
2026-07-21 07:42:20  [Warning] No install summary for 'Beyond Compare 5': Graph GET /beta/deviceAppManagement/mobileApps/163323ed-ec86-4cc0-b7bd-8ad2491d01f1/installSummary -> HTTP 400
2026-07-21 07:42:20  [Warning] No install summary for 'BILA': Graph GET /beta/deviceAppManagement/mobileApps/d6e88385-7770-4812-9e85-8a612a88e767/installSummary -> HTTP 400
2026-07-21 07:42:20  [Warning] No install summary for 'BIMvision': Graph GET /beta/deviceAppManagement/mobileApps/d6e9ea25-9596-400b-ba14-c4c15dd116e9/installSummary -> HTTP 400
2026-07-21 07:42:20  [Warning] No install summary for 'BIOSPwdMgmt': Graph GET /beta/deviceAppManagement/mobileApps/dbe7c093-214f-4d5b-925b-cb2a8ee3c517/installSummary -> HTTP 400
2026-07-21 07:42:20  [Warning] No install summary for 'BIOSSettings OOBE': Graph GET /beta/deviceAppManagement/mobileApps/8ced24e7-fdc2-4e0f-afc9-6a4ee618ea2c/installSummary -> HTTP 400
2026-07-21 07:42:20  [Warning] No install summary for 'BIOSSettings OOBE': Graph GET /beta/deviceAppManagement/mobileApps/f6c449b9-b58a-4abe-a34b-905f636f7abf/installSummary -> HTTP 400
2026-07-21 07:42:20  [Warning] No install summary for 'BIOSSettings OOBE': Graph GET /beta/deviceAppManagement/mobileApps/5a40acb8-67d0-44b5-a5d6-c28a071b4bb2/installSummary -> HTTP 400
2026-07-21 07:42:20  [Warning] No install summary for 'BIOSSettings WIN': Graph GET /beta/deviceAppManagement/mobileApps/914a15c6-20d7-4fc3-a04e-82da8e449182/installSummary -> HTTP 400
2026-07-21 07:42:21  [Warning] No install summary for 'BIOSSettings WIN': Graph GET /beta/deviceAppManagement/mobileApps/148c5ae2-268b-4864-9f54-b98c6c5e5d15/installSummary -> HTTP 400
2026-07-21 07:42:21  [Warning] No install summary for 'BIOSSettings WIN': Graph GET /beta/deviceAppManagement/mobileApps/28769dec-b286-479b-b0ba-cf12514cac30/installSummary -> HTTP 400
2026-07-21 07:42:21  [Warning] No install summary for 'BizagiStudio': Graph GET /beta/deviceAppManagement/mobileApps/86113b81-775b-4b0f-af5f-157e25cda368/installSummary -> HTTP 400
2026-07-21 07:42:21  [Warning] No install summary for 'BJW Test': Graph GET /beta/deviceAppManagement/mobileApps/821f608a-7aee-4093-bb89-2f43250b53b6/installSummary -> HTTP 400
2026-07-21 07:42:22  [Warning] No install summary for 'BJW TEST Dependent': Graph GET /beta/deviceAppManagement/mobileApps/3a7b114e-5cc3-4175-9fa1-04ff712969df/installSummary -> HTTP 400
2026-07-21 07:42:22  [Warning] No install summary for 'BJW TEST v1': Graph GET /beta/deviceAppManagement/mobileApps/a918f245-b9d4-4f8a-8060-59e1e32158c8/installSummary -> HTTP 400
2026-07-21 07:42:22  [Warning] No install summary for 'BJW TEST v2': Graph GET /beta/deviceAppManagement/mobileApps/15487661-ad45-45ea-b809-1a0753e9c5eb/installSummary -> HTTP 400
2026-07-21 07:42:22  [Warning] No install summary for 'BJW TEST v3': Graph GET /beta/deviceAppManagement/mobileApps/ca730fa8-b7a6-44c7-9499-21b05facb681/installSummary -> HTTP 400
2026-07-21 07:42:23  [Warning] No install summary for 'BloxOne Endpoint': Graph GET /beta/deviceAppManagement/mobileApps/1307b5ff-d8cb-44e5-b921-92290423f278/installSummary -> HTTP 400
2026-07-21 07:42:23  [Warning] No install summary for 'BloxOne Endpoint': Graph GET /beta/deviceAppManagement/mobileApps/d8c0b69a-a1d8-4641-bc08-a2f2bed09406/installSummary -> HTTP 400
2026-07-21 07:42:23  [Warning] No install summary for 'bPAC3ClientComponent': Graph GET /beta/deviceAppManagement/mobileApps/883fad77-b58e-4984-a03f-2b6eea89f51b/installSummary -> HTTP 400
2026-07-21 07:42:23  [Warning] No install summary for 'Broadcast': Graph GET /beta/deviceAppManagement/mobileApps/8397325d-0b2e-455d-9b2d-b38731f202c2/installSummary -> HTTP 400
2026-07-21 07:42:24  [Warning] No install summary for 'Business One': Graph GET /beta/deviceAppManagement/mobileApps/d15b249f-f04e-4a6f-bdc7-002d1dec4fc5/installSummary -> HTTP 400
2026-07-21 07:42:24  [Warning] No install summary for 'BUSMASTER': Graph GET /beta/deviceAppManagement/mobileApps/5c1f8843-dd2d-49d3-a886-152642663106/installSummary -> HTTP 400
2026-07-21 07:42:24  [Warning] No install summary for 'CAMWorks': Graph GET /beta/deviceAppManagement/mobileApps/ee77f20f-96ea-4542-8577-27facc69f5dd/installSummary -> HTTP 400
2026-07-21 07:42:24  [Warning] No install summary for 'CANalyzer': Graph GET /beta/deviceAppManagement/mobileApps/f8f5c7e9-5165-4046-aae4-09795f63806d/installSummary -> HTTP 400
2026-07-21 07:42:24  [Warning] No install summary for 'CANalyzer': Graph GET /beta/deviceAppManagement/mobileApps/612b7443-0fc3-4e68-b0c7-16ba683602d1/installSummary -> HTTP 400
2026-07-21 07:42:24  [Warning] No install summary for 'CANalyzer': Graph GET /beta/deviceAppManagement/mobileApps/e9924b1c-fc3f-4730-b08f-b0248c2c1993/installSummary -> HTTP 400
2026-07-21 07:42:25  [Warning] No install summary for 'CANalyzer': Graph GET /beta/deviceAppManagement/mobileApps/e57579af-f890-4a1a-8aca-bb4e67b17e06/installSummary -> HTTP 400
2026-07-21 07:42:25  [Warning] No install summary for 'CANape': Graph GET /beta/deviceAppManagement/mobileApps/006b8ebe-bc45-4cc5-9368-ed6f6499ead5/installSummary -> HTTP 400
2026-07-21 07:42:25  [Warning] No install summary for 'CANdelaStudio': Graph GET /beta/deviceAppManagement/mobileApps/4fdb7182-8dd8-49bd-b34f-ae3de5a77def/installSummary -> HTTP 400
2026-07-21 07:42:26  [Warning] No install summary for 'CanDriversWHCP': Graph GET /beta/deviceAppManagement/mobileApps/b27054b6-13f3-45c6-b88e-dc649ea05ea8/installSummary -> HTTP 400
2026-07-21 07:42:26  [Warning] No install summary for 'CANoe': Graph GET /beta/deviceAppManagement/mobileApps/be67233d-991b-4ee9-af60-22ef9aeea469/installSummary -> HTTP 400
2026-07-21 07:42:26  [Warning] No install summary for 'CANoe': Graph GET /beta/deviceAppManagement/mobileApps/be06e9e3-2ab9-4067-80c4-6cb84d869bed/installSummary -> HTTP 400
2026-07-21 07:42:26  [Warning] No install summary for 'CANoe': Graph GET /beta/deviceAppManagement/mobileApps/10199f3b-d8d3-4c84-a67d-d57aae03b768/installSummary -> HTTP 400
2026-07-21 07:42:27  [Warning] No install summary for 'Canon Generic Plus PS3': Graph GET /beta/deviceAppManagement/mobileApps/4de9bee9-8ead-4b2f-993f-09953bf478d4/installSummary -> HTTP 400
2026-07-21 07:42:27  [Warning] No install summary for 'Canon Generic Plus PS3': Graph GET /beta/deviceAppManagement/mobileApps/bb67722d-befa-4cef-a727-cce45a999c96/installSummary -> HTTP 400
2026-07-21 07:42:27  [Warning] No install summary for 'Canon Generic Printer Driver': Graph GET /beta/deviceAppManagement/mobileApps/816a77b8-941b-4e9f-8f4c-42fbb95676e7/installSummary -> HTTP 400
2026-07-21 07:42:27  [Warning] No install summary for 'Canon ipf830 Driver': Graph GET /beta/deviceAppManagement/mobileApps/f811ff18-2bb0-42ba-b43f-d639fc638afe/installSummary -> HTTP 400
2026-07-21 07:42:27  [Warning] No install summary for 'CanonGenericPlusPS3-UPD': Graph GET /beta/deviceAppManagement/mobileApps/67390938-fe1a-4344-9878-773462f639e2/installSummary -> HTTP 400
2026-07-21 07:42:27  [Warning] No install summary for 'CAPI2 Eventlog': Graph GET /beta/deviceAppManagement/mobileApps/40b630b0-197f-41f3-8097-c1c854611c4a/installSummary -> HTTP 400
2026-07-21 07:42:27  [Warning] No install summary for 'Captiva Capture ADMIN': Graph GET /beta/deviceAppManagement/mobileApps/9326825e-116b-40cd-9650-ec88fa3d2708/installSummary -> HTTP 400
2026-07-21 07:42:28  [Warning] No install summary for 'Card Studio': Graph GET /beta/deviceAppManagement/mobileApps/a4b57dc1-7e21-4209-b362-7b81c453c885/installSummary -> HTTP 400
2026-07-21 07:42:28  [Warning] No install summary for 'Cardtool': Graph GET /beta/deviceAppManagement/mobileApps/cf82ec0d-6e7c-4aa3-8e31-8747fd1a1fc8/installSummary -> HTTP 400
2026-07-21 07:42:28  [Warning] No install summary for 'Cardumbuchung': Graph GET /beta/deviceAppManagement/mobileApps/077a8d58-f010-4da2-a79f-43a3bde7a212/installSummary -> HTTP 400
2026-07-21 07:42:28  [Warning] No install summary for 'carFirma': Graph GET /beta/deviceAppManagement/mobileApps/0d2770f3-e762-4291-8feb-68cfff7f6623/installSummary -> HTTP 400
2026-07-21 07:42:28  [Warning] No install summary for 'CASCADOSXI': Graph GET /beta/deviceAppManagement/mobileApps/dd57ca2b-b1f5-453a-82ec-83786e321abf/installSummary -> HTTP 400
2026-07-21 07:42:28  [Warning] No install summary for 'CATIA': Graph GET /beta/deviceAppManagement/mobileApps/ab44b58a-bb9f-4e50-96dc-dae050adc2d2/installSummary -> HTTP 400
2026-07-21 07:42:28  [Warning] No install summary for 'CATIA AddOn 3DCS': Graph GET /beta/deviceAppManagement/mobileApps/2ffdc056-72b3-445f-a24b-08642a8363ee/installSummary -> HTTP 400
2026-07-21 07:42:28  [Warning] No install summary for 'CATIAAddOnCAARADE': Graph GET /beta/deviceAppManagement/mobileApps/4c140e12-9fe5-4642-af52-fefb7afe6e4f/installSummary -> HTTP 400
2026-07-21 07:42:28  [Warning] No install summary for 'CATIAAddOnRAMSISNextGen': Graph GET /beta/deviceAppManagement/mobileApps/1845a873-4eb6-4010-9d0d-ea0addae0c53/installSummary -> HTTP 400
2026-07-21 07:42:28  [Warning] No install summary for 'CATIAAddOnSimcenterFloEFD': Graph GET /beta/deviceAppManagement/mobileApps/e91a4300-639c-4fd8-99bf-37bda19e6000/installSummary -> HTTP 400
2026-07-21 07:42:28  [Warning] No install summary for 'CATIAAddOnSimcenterFloEFD2205': Graph GET /beta/deviceAppManagement/mobileApps/7783c0db-335a-4d83-b750-7bf4843cf2e4/installSummary -> HTTP 400
2026-07-21 07:42:28  [Warning] No install summary for 'Cayman': Graph GET /beta/deviceAppManagement/mobileApps/e356a28c-b274-4a90-a934-a97a86266085/installSummary -> HTTP 400
2026-07-21 07:42:28  [Warning] No install summary for 'CCDesktopApp': Graph GET /beta/deviceAppManagement/mobileApps/90714db4-7867-4a93-a208-69e8ef65e457/installSummary -> HTTP 400
2026-07-21 07:42:28  [Warning] No install summary for 'CCDesktopApp': Graph GET /beta/deviceAppManagement/mobileApps/05aebfd2-c2ef-400a-8374-74b560c9228f/installSummary -> HTTP 400
2026-07-21 07:42:28  [Warning] No install summary for 'CDMDriverPackage': Graph GET /beta/deviceAppManagement/mobileApps/56636cf3-5b5a-421c-86e0-570c734a8570/installSummary -> HTTP 400
2026-07-21 07:42:29  [Warning] No install summary for 'Ceus': Graph GET /beta/deviceAppManagement/mobileApps/7e21986d-2272-4742-a371-1b7dc913a734/installSummary -> HTTP 400
2026-07-21 07:42:29  [Warning] No install summary for 'Cherry SmartCard Package': Graph GET /beta/deviceAppManagement/mobileApps/7b5fc6db-f74b-4007-bd1d-bacb76b60ec1/installSummary -> HTTP 400
2026-07-21 07:42:29  [Warning] No install summary for 'CIM Database Desktop': Graph GET /beta/deviceAppManagement/mobileApps/d2f57276-b6c4-46b3-8173-a8644b0a2131/installSummary -> HTTP 400
2026-07-21 07:42:29  [Warning] No install summary for 'Citavi': Graph GET /beta/deviceAppManagement/mobileApps/d52e9c87-9660-45fd-827e-89b0ddaa9687/installSummary -> HTTP 400
2026-07-21 07:42:29  [Warning] No install summary for 'CITO2': Graph GET /beta/deviceAppManagement/mobileApps/ba68928e-22be-4509-97bf-22452db5b5e6/installSummary -> HTTP 400
2026-07-21 07:42:29  [Warning] No install summary for 'ClickShare Extension Pack': Graph GET /beta/deviceAppManagement/mobileApps/612ffbe0-fe47-4b39-995e-d0c3b406ce2e/installSummary -> HTTP 400
2026-07-21 07:42:29  [Warning] No install summary for 'ClickShareExtensionPack-UPD': Graph GET /beta/deviceAppManagement/mobileApps/5ed44c6e-1a9e-4ed2-921f-f266b8a757c4/installSummary -> HTTP 400
2026-07-21 07:42:29  [Warning] No install summary for 'Client Center For Configuration Manager': Graph GET /beta/deviceAppManagement/mobileApps/8df002ba-2902-4101-9325-f78a3a0eeb2a/installSummary -> HTTP 400
2026-07-21 07:42:29  [Warning] No install summary for 'Client Scan modul': Graph GET /beta/deviceAppManagement/mobileApps/a42eabd0-96d5-4dc9-b1cb-7aa4c17d016a/installSummary -> HTTP 400
2026-07-21 07:42:29  [Warning] No install summary for 'ClientMANAdmin': Graph GET /beta/deviceAppManagement/mobileApps/190c624d-ac53-4c7c-bdd1-101c4b9d7dcf/installSummary -> HTTP 400
2026-07-21 07:42:29  [Warning] No install summary for 'ClientScanmodul': Graph GET /beta/deviceAppManagement/mobileApps/24568ae3-3e2b-4676-83ab-f51223c254a7/installSummary -> HTTP 400
2026-07-21 07:42:29  [Warning] No install summary for 'ClientSimple': Graph GET /beta/deviceAppManagement/mobileApps/57f29c9f-9a07-4619-9022-7c4c75e0d572/installSummary -> HTTP 400
2026-07-21 07:42:29  [Warning] No install summary for 'CloudCompareStudio': Graph GET /beta/deviceAppManagement/mobileApps/faa551ed-10ef-4ed5-85e0-5ef23223f65a/installSummary -> HTTP 400
2026-07-21 07:42:29  [Warning] No install summary for 'CMM Agent': Graph GET /beta/deviceAppManagement/mobileApps/177dce1e-6dd8-4fdd-93d1-1ee64199737d/installSummary -> HTTP 400
2026-07-21 07:42:29  [Warning] No install summary for 'Codemeter Runtime Kit': Graph GET /beta/deviceAppManagement/mobileApps/854fda72-8bfd-4ed0-890e-2c296dd6a3a4/installSummary -> HTTP 400
2026-07-21 07:42:30  [Warning] No install summary for 'CodeMeter Runtime Kit': Graph GET /beta/deviceAppManagement/mobileApps/40462122-5bf5-4f3d-9750-9b940cb182ab/installSummary -> HTTP 400
2026-07-21 07:42:30  [Warning] No install summary for 'ColorCAREToolbox': Graph GET /beta/deviceAppManagement/mobileApps/e71c7d4a-5064-44ca-b47f-ca1cd7442527/installSummary -> HTTP 400
2026-07-21 07:42:30  [Warning] No install summary for 'Communication Information Lockscreen': Graph GET /beta/deviceAppManagement/mobileApps/59cd07c2-3d39-444d-aadb-ea9c72a559d7/installSummary -> HTTP 400
2026-07-21 07:42:30  [Warning] No install summary for 'Condmaster Ruby 2022': Graph GET /beta/deviceAppManagement/mobileApps/15ece970-b6e5-45fa-b166-974b0ccd7e69/installSummary -> HTTP 400
2026-07-21 07:42:30  [Warning] No install summary for 'ConferenceShare': Graph GET /beta/deviceAppManagement/mobileApps/744ee4cb-c558-48e5-9f2d-1cd641f1ffd0/installSummary -> HTTP 400
2026-07-21 07:42:30  [Warning] No install summary for 'conjectFM Client': Graph GET /beta/deviceAppManagement/mobileApps/5e8c8752-456f-4c1b-a932-8d38b2f1f397/installSummary -> HTTP 400
2026-07-21 07:42:30  [Warning] No install summary for 'Connect for Desktop': Graph GET /beta/deviceAppManagement/mobileApps/ba142a3b-996a-402e-ae4e-0d78e14efc9d/installSummary -> HTTP 400
2026-07-21 07:42:31  [Warning] No install summary for 'Connect for Desktop': Graph GET /beta/deviceAppManagement/mobileApps/a85ce53d-8b70-40f4-b143-2452eb7708ee/installSummary -> HTTP 400
2026-07-21 07:42:31  [Warning] No install summary for 'Connect for Desktop': Graph GET /beta/deviceAppManagement/mobileApps/210bc7b0-02de-4927-b616-900aa8469aaa/installSummary -> HTTP 400
2026-07-21 07:42:31  [Warning] No install summary for 'ConnectClient': Graph GET /beta/deviceAppManagement/mobileApps/8691ce82-4f9a-4888-9814-6aebb73bcffb/installSummary -> HTTP 400
2026-07-21 07:42:31  [Warning] No install summary for 'ConnectforDesktop-UPD': Graph GET /beta/deviceAppManagement/mobileApps/26a1ee80-6817-4216-87d9-2dbfccd9d6df/installSummary -> HTTP 400
2026-07-21 07:42:31  [Warning] No install summary for 'Control': Graph GET /beta/deviceAppManagement/mobileApps/56b03f17-d15d-4164-bde2-4c738c482aa6/installSummary -> HTTP 400
2026-07-21 07:42:31  [Warning] No install summary for 'CorelDRAW Graphics Suite 2017': Graph GET /beta/deviceAppManagement/mobileApps/50cc8127-cbdb-4082-8c54-03be34502326/installSummary -> HTTP 400
2026-07-21 07:42:31  [Warning] No install summary for 'Corporate Design MAN': Graph GET /beta/deviceAppManagement/mobileApps/c95369e0-c434-4b08-a78e-db372502a94a/installSummary -> HTTP 400
2026-07-21 07:42:31  [Warning] No install summary for 'Corretto': Graph GET /beta/deviceAppManagement/mobileApps/cb647105-59ca-47f0-9303-7a7b3e18d25b/installSummary -> HTTP 400
2026-07-21 07:42:32  [Warning] No install summary for 'Crealis': Graph GET /beta/deviceAppManagement/mobileApps/fb5b6f89-ae68-48d9-88b6-9e0c47dd279f/installSummary -> HTTP 400
2026-07-21 07:42:32  [Warning] No install summary for 'Creative Cloud Desktop': Graph GET /beta/deviceAppManagement/mobileApps/dfa7ca8f-8c57-4c86-82f6-d8f1c1c505b3/installSummary -> HTTP 400
2026-07-21 07:42:32  [Warning] No install summary for 'CreoViewMAN': Graph GET /beta/deviceAppManagement/mobileApps/a07824a3-0a13-4805-88c4-69f55826a916/installSummary -> HTTP 400
2026-07-21 07:42:32  [Warning] No install summary for 'Crystal Reports Runtime': Graph GET /beta/deviceAppManagement/mobileApps/06ac9425-5acd-4855-ae28-dc63900db455/installSummary -> HTTP 400
2026-07-21 07:42:32  [Warning] No install summary for 'CSLeakReporter': Graph GET /beta/deviceAppManagement/mobileApps/83d4ce70-aee4-4a5b-84b9-90076c796972/installSummary -> HTTP 400
2026-07-21 07:42:32  [Warning] No install summary for 'CSMconfig': Graph GET /beta/deviceAppManagement/mobileApps/11f45389-a428-472b-8bef-8286e1bfdf01/installSummary -> HTTP 400
2026-07-21 07:42:32  [Warning] No install summary for 'CSVed': Graph GET /beta/deviceAppManagement/mobileApps/5e279040-0378-4a94-863f-36c839d3370f/installSummary -> HTTP 400
2026-07-21 07:42:32  [Warning] No install summary for 'CustoDiagnostic': Graph GET /beta/deviceAppManagement/mobileApps/d8f80fe4-962c-4af5-99aa-f387bd0f014b/installSummary -> HTTP 400
2026-07-21 07:42:32  [Warning] No install summary for 'DAKS': Graph GET /beta/deviceAppManagement/mobileApps/ec1b3595-7f5e-4697-a1c3-788fd3cd47ff/installSummary -> HTTP 400
2026-07-21 07:42:32  [Warning] No install summary for 'DameWare Mini Remote Control GUI': Graph GET /beta/deviceAppManagement/mobileApps/4a801fb9-21d3-4d6c-8f1e-771097e2d387/installSummary -> HTTP 400
2026-07-21 07:42:32  [Warning] No install summary for 'DameWare Mini Remote Control GUI': Graph GET /beta/deviceAppManagement/mobileApps/f2fae0ab-3c87-4df3-9e20-e340de3cd2b1/installSummary -> HTTP 400
2026-07-21 07:42:32  [Warning] No install summary for 'DART Viewer': Graph GET /beta/deviceAppManagement/mobileApps/934d1726-52e3-42ec-a6bd-e7c3f6e2c2f2/installSummary -> HTTP 400
2026-07-21 07:42:32  [Warning] No install summary for 'Data Server Runtime Client': Graph GET /beta/deviceAppManagement/mobileApps/6df886e6-0a69-4d01-88e0-4543b80303c0/installSummary -> HTTP 400
2026-07-21 07:42:33  [Warning] No install summary for 'Data Server Runtime Client': Graph GET /beta/deviceAppManagement/mobileApps/4e158b2c-012a-4a77-a11d-8323b61a677d/installSummary -> HTTP 400
2026-07-21 07:42:33  [Warning] No install summary for 'DatabaseTools': Graph GET /beta/deviceAppManagement/mobileApps/5a135875-6982-45ce-8cca-23f25e28b665/installSummary -> HTTP 400
2026-07-21 07:42:33  [Warning] No install summary for 'Datagate': Graph GET /beta/deviceAppManagement/mobileApps/3c52f0dc-d74b-4428-bc9e-8c095437a5df/installSummary -> HTTP 400
2026-07-21 07:42:33  [Warning] No install summary for 'DBeaver': Graph GET /beta/deviceAppManagement/mobileApps/c87bb67a-c348-43d9-abe7-e3b6f7b484de/installSummary -> HTTP 400
2026-07-21 07:42:33  [Warning] No install summary for 'DC_App2Brak': Graph GET /beta/deviceAppManagement/mobileApps/73b758d7-c376-4d6c-86ba-8494040652b7/installSummary -> HTTP 400
2026-07-21 07:42:33  [Warning] No install summary for 'DCSViewer': Graph GET /beta/deviceAppManagement/mobileApps/6a1b75f8-69f2-4643-978c-33f0122046cc/installSummary -> HTTP 400
2026-07-21 07:42:33  [Warning] No install summary for 'Define Kiosk Wallpaper': Graph GET /beta/deviceAppManagement/mobileApps/b9fdc933-77e1-48c6-870d-aed23c1d2aa0/installSummary -> HTTP 400
2026-07-21 07:42:33  [Warning] No install summary for 'Demag Safe Working Periods': Graph GET /beta/deviceAppManagement/mobileApps/5f91b9f5-068d-4911-8fbd-b586148a7e26/installSummary -> HTTP 400
2026-07-21 07:42:33  [Warning] No install summary for 'Design Review': Graph GET /beta/deviceAppManagement/mobileApps/1d53ab85-4019-4e7d-8562-f2ce0d031d30/installSummary -> HTTP 400
2026-07-21 07:42:33  [Warning] No install summary for 'DesignAndPrint': Graph GET /beta/deviceAppManagement/mobileApps/0f063789-4b4d-4760-a0f2-43e18f1946e8/installSummary -> HTTP 400
2026-07-21 07:42:33  [Warning] No install summary for 'Desktop Reader': Graph GET /beta/deviceAppManagement/mobileApps/b916e0e4-3178-45ab-b01c-e51bf679b45b/installSummary -> HTTP 400
2026-07-21 07:42:33  [Warning] No install summary for 'DesktopViewer': Graph GET /beta/deviceAppManagement/mobileApps/60ea0cea-1fc3-4e43-9b9c-6f91643efc54/installSummary -> HTTP 400
2026-07-21 07:42:33  [Warning] No install summary for 'DewesoftX': Graph GET /beta/deviceAppManagement/mobileApps/6d3ecee8-1440-4926-b533-0a1ae0642939/installSummary -> HTTP 400
2026-07-21 07:42:33  [Warning] No install summary for 'DIAdem': Graph GET /beta/deviceAppManagement/mobileApps/70c8113a-1583-438c-bc79-d5d62c9a31ba/installSummary -> HTTP 400
2026-07-21 07:42:33  [Warning] No install summary for 'DiagRA': Graph GET /beta/deviceAppManagement/mobileApps/1b49d4b0-c005-43c3-a984-11a4b57b5e50/installSummary -> HTTP 400
2026-07-21 07:42:33  [Warning] No install summary for 'DIALuxevo': Graph GET /beta/deviceAppManagement/mobileApps/65c0f724-8daa-4d04-b85e-6de70ad00059/installSummary -> HTTP 400
2026-07-21 07:42:34  [Warning] No install summary for 'DiffPlug': Graph GET /beta/deviceAppManagement/mobileApps/f6c7649e-0ae3-4579-9212-1c87a896af26/installSummary -> HTTP 400
2026-07-21 07:42:34  [Warning] No install summary for 'Dino Capture': Graph GET /beta/deviceAppManagement/mobileApps/2521bdda-1741-4f2e-8195-d950f0b1aec9/installSummary -> HTTP 400
2026-07-21 07:42:34  [Warning] No install summary for 'DiotaPlayer': Graph GET /beta/deviceAppManagement/mobileApps/8395beeb-180b-47c0-926f-05572d0ecfe6/installSummary -> HTTP 400
2026-07-21 07:42:34  [Warning] No install summary for 'DirektPro': Graph GET /beta/deviceAppManagement/mobileApps/48a861e9-d0e3-46c5-b4e8-489a99760cf9/installSummary -> HTTP 400
2026-07-21 07:42:34  [Warning] No install summary for 'DirXManager': Graph GET /beta/deviceAppManagement/mobileApps/0b77cd57-0246-4a23-924b-f451247eaeb1/installSummary -> HTTP 400
2026-07-21 07:42:34  [Warning] No install summary for 'Disable WLAN Switch': Graph GET /beta/deviceAppManagement/mobileApps/3ccd22a5-3bf9-4163-9ffa-2aea00a451a3/installSummary -> HTTP 400
2026-07-21 07:42:34  [Warning] No install summary for 'DisigWebSigner': Graph GET /beta/deviceAppManagement/mobileApps/e32eafd3-202d-4831-b05a-6eeef50a6f92/installSummary -> HTTP 400
2026-07-21 07:42:34  [Warning] No install summary for 'DIVA Dynamics Basis': Graph GET /beta/deviceAppManagement/mobileApps/d4d25fa4-1968-4361-b6a5-8b270fa2c452/installSummary -> HTTP 400
2026-07-21 07:42:34  [Warning] No install summary for 'DIVADynamicsPRODNBG': Graph GET /beta/deviceAppManagement/mobileApps/1f690e88-ee0d-4b09-9496-2baccefeb00c/installSummary -> HTTP 400
2026-07-21 07:42:34  [Warning] No install summary for 'Dock Manager': Graph GET /beta/deviceAppManagement/mobileApps/ae5d5d37-c30c-422c-b6a4-f5cc77ba2e73/installSummary -> HTTP 400
2026-07-21 07:42:34  [Warning] No install summary for 'Docuguide': Graph GET /beta/deviceAppManagement/mobileApps/37e652d0-17e8-4362-83cb-4fbe82faabc0/installSummary -> HTTP 400
2026-07-21 07:42:34  [Warning] No install summary for 'DPDUAPI': Graph GET /beta/deviceAppManagement/mobileApps/316c6277-a7b5-4f9d-abac-d890b33065a8/installSummary -> HTTP 400
2026-07-21 07:42:34  [Warning] No install summary for 'DraftSight': Graph GET /beta/deviceAppManagement/mobileApps/48845fd5-6b92-452d-b296-2a2ffbbcadb0/installSummary -> HTTP 400
2026-07-21 07:42:34  [Warning] No install summary for 'Drawio': Graph GET /beta/deviceAppManagement/mobileApps/2c4761d8-7a3a-403c-9936-6c0446f71f88/installSummary -> HTTP 400
2026-07-21 07:42:34  [Warning] No install summary for 'DRM140': Graph GET /beta/deviceAppManagement/mobileApps/319c1e39-59e2-4a36-b83f-941360f6a35f/installSummary -> HTTP 400
2026-07-21 07:42:34  [Warning] No install summary for 'DSuiteeIDAS': Graph GET /beta/deviceAppManagement/mobileApps/157d8f99-a55a-4f95-9a51-d4cf288389e0/installSummary -> HTTP 400
2026-07-21 07:42:34  [Warning] No install summary for 'DSVClient': Graph GET /beta/deviceAppManagement/mobileApps/f97c8ff5-f11b-49a1-9e0f-d20384a024e6/installSummary -> HTTP 400
2026-07-21 07:42:34  [Warning] No install summary for 'DTC4500EDRIVER': Graph GET /beta/deviceAppManagement/mobileApps/3b15b2e9-1d4d-4979-994e-e5505349b912/installSummary -> HTTP 400
2026-07-21 07:42:34  [Warning] No install summary for 'DWGTrueView': Graph GET /beta/deviceAppManagement/mobileApps/f1a120c0-3b98-43a8-98c4-a03b8643bae4/installSummary -> HTTP 400
2026-07-21 07:42:35  [Warning] No install summary for 'DYMO Label': Graph GET /beta/deviceAppManagement/mobileApps/24e5de54-689a-4921-a91c-eb2df4ae4155/installSummary -> HTTP 400
2026-07-21 07:42:35  [Warning] No install summary for 'Dymola2022x': Graph GET /beta/deviceAppManagement/mobileApps/74ac4bde-3f63-4f9f-868e-ac77802bf30e/installSummary -> HTTP 400
2026-07-21 07:42:35  [Warning] No install summary for 'EasyCoder PX4i PrintDriver': Graph GET /beta/deviceAppManagement/mobileApps/6706a18c-447a-4ddd-acd0-f21b93e94ed8/installSummary -> HTTP 400
2026-07-21 07:42:35  [Warning] No install summary for 'easyLink': Graph GET /beta/deviceAppManagement/mobileApps/40601abc-632f-4feb-be4e-f7156414f191/installSummary -> HTTP 400
2026-07-21 07:42:35  [Warning] No install summary for 'Eclipse IDE 202003': Graph GET /beta/deviceAppManagement/mobileApps/d61f1fcf-3472-4827-a841-a631f361c2c0/installSummary -> HTTP 400
2026-07-21 07:42:35  [Warning] No install summary for 'EHANDBOOK NAVIGATOR': Graph GET /beta/deviceAppManagement/mobileApps/8abe47a4-e1bb-46b2-914f-a8e5ff7e83d5/installSummary -> HTTP 400
2026-07-21 07:42:35  [Warning] No install summary for 'Elda': Graph GET /beta/deviceAppManagement/mobileApps/5f356a4a-2fce-40a5-b622-16a561caea14/installSummary -> HTTP 400
2026-07-21 07:42:35  [Warning] No install summary for 'Elda': Graph GET /beta/deviceAppManagement/mobileApps/8f21b0d0-4a63-4775-bcfc-6d277e4dba1f/installSummary -> HTTP 400
2026-07-21 07:42:36  [Warning] No install summary for 'ElgatoStreamDeck': Graph GET /beta/deviceAppManagement/mobileApps/9249ab34-1821-40d0-b87c-f1a29684c7b3/installSummary -> HTTP 400
2026-07-21 07:42:36  [Warning] No install summary for 'Elite Mini 600 G9 BIOS Update': Graph GET /beta/deviceAppManagement/mobileApps/7adb5df8-2862-4dff-a716-a2d9a6ccbc0f/installSummary -> HTTP 400
2026-07-21 07:42:36  [Warning] No install summary for 'Elite Tower 600 G9 BIOS Update': Graph GET /beta/deviceAppManagement/mobileApps/1772ff2f-26b0-4dd0-a641-df6cd1c1aa3f/installSummary -> HTTP 400
2026-07-21 07:42:36  [Warning] No install summary for 'Elite x360 830 G9 BIOS Update': Graph GET /beta/deviceAppManagement/mobileApps/d87d2e8f-1f5f-4648-83d0-f0bdd054c168/installSummary -> HTTP 400
2026-07-21 07:42:36  [Warning] No install summary for 'EliteBook 6x0 G10 BIOS Update': Graph GET /beta/deviceAppManagement/mobileApps/3fa387fa-6939-4ee8-8d6c-4ff5a3aec88c/installSummary -> HTTP 400
2026-07-21 07:42:36  [Warning] No install summary for 'EliteBook 6x0 G9 BIOS Update': Graph GET /beta/deviceAppManagement/mobileApps/5d011f40-835a-4507-8ff2-3aba34739e5e/installSummary -> HTTP 400
2026-07-21 07:42:36  [Warning] No install summary for 'EliteBook 8x0 G8 BIOS Update': Graph GET /beta/deviceAppManagement/mobileApps/38c98600-95fe-4ec2-8618-5ef237884efd/installSummary -> HTTP 400
2026-07-21 07:42:36  [Warning] No install summary for 'EliteBook x360 830 G8 BIOS Update': Graph GET /beta/deviceAppManagement/mobileApps/f234b644-b174-42fc-a8ed-16ef13390218/installSummary -> HTTP 400
2026-07-21 07:42:36  [Warning] No install summary for 'EliteDesk 800 G6 DM BIOS Update': Graph GET /beta/deviceAppManagement/mobileApps/012f75ee-e9f2-40d6-a008-a78c75531810/installSummary -> HTTP 400
2026-07-21 07:42:36  [Warning] No install summary for 'ELOenterprise Client': Graph GET /beta/deviceAppManagement/mobileApps/330bdd34-3d41-451a-88c4-4c60e3bf9e72/installSummary -> HTTP 400
2026-07-21 07:42:36  [Warning] No install summary for 'EMC Runner': Graph GET /beta/deviceAppManagement/mobileApps/154750a0-2bdf-4334-a240-d1094a0810ff/installSummary -> HTTP 400
2026-07-21 07:42:36  [Warning] No install summary for 'Emualte3D 2022': Graph GET /beta/deviceAppManagement/mobileApps/5cdc3db2-6b96-4a70-8871-226e5217e847/installSummary -> HTTP 400
2026-07-21 07:42:36  [Warning] No install summary for 'EnableNowInstantProducer': Graph GET /beta/deviceAppManagement/mobileApps/f30b35f9-8725-4d90-8730-3ce8923ca52d/installSummary -> HTTP 400
2026-07-21 07:42:36  [Warning] No install summary for 'EnableNowProducer': Graph GET /beta/deviceAppManagement/mobileApps/6ecc5c0c-7cee-40de-a259-03f0c59994a6/installSummary -> HTTP 400
2026-07-21 07:42:36  [Warning] No install summary for 'ENCARD': Graph GET /beta/deviceAppManagement/mobileApps/39d76c87-41d9-43f3-bd25-5a9ccb17976c/installSummary -> HTTP 400
2026-07-21 07:42:36  [Warning] No install summary for 'Endpoint Security': Graph GET /beta/deviceAppManagement/mobileApps/e04eb89a-85b3-4b66-8332-f5da06167af4/installSummary -> HTTP 400
2026-07-21 07:42:36  [Warning] No install summary for 'Energy Analyze Plus': Graph GET /beta/deviceAppManagement/mobileApps/657da875-f0c1-4cee-bae6-8880553139f6/installSummary -> HTTP 400
2026-07-21 07:42:36  [Warning] No install summary for 'ePageSafer': Graph GET /beta/deviceAppManagement/mobileApps/add57de0-42e2-4905-ac48-ef7aa5dd808d/installSummary -> HTTP 400
2026-07-21 07:42:36  [Warning] No install summary for 'EPLAN Electric P8 2025': Graph GET /beta/deviceAppManagement/mobileApps/84b37c8e-f12c-4292-80bc-0d6f0b87dfe1/installSummary -> HTTP 400
2026-07-21 07:42:36  [Warning] No install summary for 'EPLAN License Client': Graph GET /beta/deviceAppManagement/mobileApps/c8a6e799-84e0-4936-a261-93e52ab794f2/installSummary -> HTTP 400
2026-07-21 07:42:36  [Warning] No install summary for 'Escriba Composer': Graph GET /beta/deviceAppManagement/mobileApps/5e704552-d70a-4dff-a823-c704bdeb3161/installSummary -> HTTP 400
2026-07-21 07:42:36  [Warning] No install summary for 'Escriba Designer': Graph GET /beta/deviceAppManagement/mobileApps/8189ef03-3eff-486c-8fda-bcbaf2de694b/installSummary -> HTTP 400
2026-07-21 07:42:36  [Warning] No install summary for 'essentialsFM': Graph GET /beta/deviceAppManagement/mobileApps/7d50effc-3797-4898-8fd4-5d43cad9492c/installSummary -> HTTP 400
2026-07-21 07:42:37  [Warning] No install summary for 'EXACTConfigurator': Graph GET /beta/deviceAppManagement/mobileApps/486118c6-f748-43e2-9f32-d0a5459d05ab/installSummary -> HTTP 400
2026-07-21 07:42:37  [Warning] No install summary for 'EXOS 9300 Dialog Ausweiserstellung': Graph GET /beta/deviceAppManagement/mobileApps/d1a227a8-eda9-4e08-8418-9941d8917480/installSummary -> HTTP 400
2026-07-21 07:42:37  [Warning] No install summary for 'EXOS 9300 Dialog Personalverwaltung': Graph GET /beta/deviceAppManagement/mobileApps/3f01e897-2166-415c-bb17-0ffb7464a125/installSummary -> HTTP 400
2026-07-21 07:42:37  [Warning] No install summary for 'EXOS 9300 Dialog Systemadministrator': Graph GET /beta/deviceAppManagement/mobileApps/29f6912f-5683-4bd0-a8f5-06f48008fb7c/installSummary -> HTTP 400
2026-07-21 07:42:37  [Warning] No install summary for 'ExrIO': Graph GET /beta/deviceAppManagement/mobileApps/3133fd23-1900-4042-8f35-b5cf2ef9dc45/installSummary -> HTTP 400
2026-07-21 07:42:37  [Warning] No install summary for 'FarnsworthMunsell100HueTest': Graph GET /beta/deviceAppManagement/mobileApps/c016f9cc-3091-417a-84f0-97370fa328bb/installSummary -> HTTP 400
2026-07-21 07:42:37  [Warning] No install summary for 'FASTR': Graph GET /beta/deviceAppManagement/mobileApps/bec5e38a-224a-4130-baa4-00cf5f5eec97/installSummary -> HTTP 400
2026-07-21 07:42:37  [Warning] No install summary for 'FEMFAT': Graph GET /beta/deviceAppManagement/mobileApps/e8a98ffc-cdd7-4da8-a646-34dc42d760bb/installSummary -> HTTP 400
2026-07-21 07:42:37  [Warning] No install summary for 'FEMFAT': Graph GET /beta/deviceAppManagement/mobileApps/6ed6d84a-a3ed-4f3f-99c2-d620ab9795e8/installSummary -> HTTP 400
2026-07-21 07:42:37  [Warning] No install summary for 'Firma4ng Info Camere': Graph GET /beta/deviceAppManagement/mobileApps/183f623c-b726-4639-8e3d-ca6097a864aa/installSummary -> HTTP 400
2026-07-21 07:42:37  [Warning] No install summary for 'Flomaster': Graph GET /beta/deviceAppManagement/mobileApps/96170c1e-c6c3-44bb-b056-aed76e2c880b/installSummary -> HTTP 400
2026-07-21 07:42:37  [Warning] No install summary for 'FluidSimPneumatik': Graph GET /beta/deviceAppManagement/mobileApps/6fa0d3e9-72ec-4669-88bb-df9d337ef438/installSummary -> HTTP 400
2026-07-21 07:42:37  [Warning] No install summary for 'Flux': Graph GET /beta/deviceAppManagement/mobileApps/dfb23f48-706f-4a63-8bac-ccd73e16bcfb/installSummary -> HTTP 400
2026-07-21 07:42:37  [Warning] No install summary for 'FMDesign': Graph GET /beta/deviceAppManagement/mobileApps/0965afca-9d88-4f91-ac93-6bc969dcd61f/installSummary -> HTTP 400
2026-07-21 07:42:38  [Warning] No install summary for 'FormingSuite': Graph GET /beta/deviceAppManagement/mobileApps/d8c5c674-6cb0-4baf-9530-0dc81c736040/installSummary -> HTTP 400
2026-07-21 07:42:38  [Warning] No install summary for 'FreeCommanderXE 2024': Graph GET /beta/deviceAppManagement/mobileApps/8ab15b3c-2d1c-4ee3-b694-4c2dcd4cbf39/installSummary -> HTTP 400
2026-07-21 07:42:38  [Warning] No install summary for 'GefegFX': Graph GET /beta/deviceAppManagement/mobileApps/68865cb3-f968-40fb-984c-3a1e8fa31132/installSummary -> HTTP 400
2026-07-21 07:42:38  [Warning] No install summary for 'Gephi': Graph GET /beta/deviceAppManagement/mobileApps/bbf63e59-7ca2-4ef6-a03f-035f28bb9cdc/installSummary -> HTTP 400
2026-07-21 07:42:38  [Warning] No install summary for 'GetFolderSize': Graph GET /beta/deviceAppManagement/mobileApps/c6335182-e4be-443b-9dae-23403085783d/installSummary -> HTTP 400
2026-07-21 07:42:38  [Warning] No install summary for 'GIMP': Graph GET /beta/deviceAppManagement/mobileApps/e8f51670-1940-47c0-88d9-0404e19cebc8/installSummary -> HTTP 400
2026-07-21 07:42:38  [Warning] No install summary for 'GIMP': Graph GET /beta/deviceAppManagement/mobileApps/9e6ad757-aa02-4181-9154-eb75618b19be/installSummary -> HTTP 400
2026-07-21 07:42:38  [Warning] No install summary for 'GIMP-UPD': Graph GET /beta/deviceAppManagement/mobileApps/413e3300-2bfd-42fc-b009-30619fc9e79f/installSummary -> HTTP 400
2026-07-21 07:42:38  [Warning] No install summary for 'Git For Windows': Graph GET /beta/deviceAppManagement/mobileApps/415b5aa4-c61b-48f0-aa80-1bdcea254ee9/installSummary -> HTTP 400
2026-07-21 07:42:38  [Warning] No install summary for 'GitKraken': Graph GET /beta/deviceAppManagement/mobileApps/eefae86b-a415-409c-a940-8022f44a4f0e/installSummary -> HTTP 400
2026-07-21 07:42:38  [Warning] No install summary for 'Global Print Driver': Graph GET /beta/deviceAppManagement/mobileApps/ad6b71ba-3543-47eb-a05f-224ce354cabf/installSummary -> HTTP 400
2026-07-21 07:42:39  [Warning] No install summary for 'Global Protect': Graph GET /beta/deviceAppManagement/mobileApps/8b9e0d16-a3fc-4c9e-9cd8-1dc0803ee36c/installSummary -> HTTP 400
2026-07-21 07:42:39  [Warning] No install summary for 'Global Protect': Graph GET /beta/deviceAppManagement/mobileApps/f7b2293b-1632-4250-9860-51c1a499f8f0/installSummary -> HTTP 400
2026-07-21 07:42:39  [Warning] No install summary for 'Global Protect': Graph GET /beta/deviceAppManagement/mobileApps/d9c12afb-6dae-450a-aab3-5ce04843352e/installSummary -> HTTP 400
2026-07-21 07:42:40  [Warning] No install summary for 'Global Protect': Graph GET /beta/deviceAppManagement/mobileApps/67de86b4-1d35-4e23-9c73-669de56b7006/installSummary -> HTTP 400
2026-07-21 07:42:40  [Warning] No install summary for 'Global Protect': Graph GET /beta/deviceAppManagement/mobileApps/e2f927be-1379-4e8e-b295-dbc497028de9/installSummary -> HTTP 400
2026-07-21 07:42:40  [Warning] No install summary for 'Global Protect': Graph GET /beta/deviceAppManagement/mobileApps/09bde0e6-6990-4b14-a091-e9bcc149955c/installSummary -> HTTP 400
2026-07-21 07:42:41  [Warning] No install summary for 'Global Protect-UPD': Graph GET /beta/deviceAppManagement/mobileApps/417bcfb7-1eea-4308-8b9f-8fbc6906c5d3/installSummary -> HTTP 400
2026-07-21 07:42:41  [Warning] No install summary for 'Global Protect-UPD': Graph GET /beta/deviceAppManagement/mobileApps/32355b73-179e-42d5-be77-a705f20515a8/installSummary -> HTTP 400
2026-07-21 07:42:41  [Warning] No install summary for 'Global Secure Access': Graph GET /beta/deviceAppManagement/mobileApps/508aa1a4-af56-45ff-a784-e026a0666b87/installSummary -> HTTP 400
2026-07-21 07:42:41  [Warning] No install summary for 'GlobalProtect-UPD': Graph GET /beta/deviceAppManagement/mobileApps/2f0987a8-5216-474a-80fa-9e2776b2c480/installSummary -> HTTP 400
2026-07-21 07:42:41  [Warning] No install summary for 'Google Chrome Test': Graph GET /beta/deviceAppManagement/mobileApps/a243cc16-5afb-4f97-b24e-984b14364f11/installSummary -> HTTP 400
2026-07-21 07:42:41  [Warning] No install summary for 'GoSign Desktop': Graph GET /beta/deviceAppManagement/mobileApps/09adb788-993a-4bac-a968-4a84c36c7374/installSummary -> HTTP 400
2026-07-21 07:42:41  [Warning] No install summary for 'Gpg4win': Graph GET /beta/deviceAppManagement/mobileApps/27f4e375-2f42-4a9c-ad45-bc0e9ed71fc0/installSummary -> HTTP 400
2026-07-21 07:42:41  [Warning] No install summary for 'Gpg4win': Graph GET /beta/deviceAppManagement/mobileApps/1a6ac2bc-85ee-42a2-a36d-e6458c32bbbc/installSummary -> HTTP 400
2026-07-21 07:42:41  [Warning] No install summary for 'GPLGhostscript': Graph GET /beta/deviceAppManagement/mobileApps/aecb9f9c-4b72-4b56-a5ab-1dbd119391f1/installSummary -> HTTP 400
2026-07-21 07:42:41  [Warning] No install summary for 'GrabCADprint': Graph GET /beta/deviceAppManagement/mobileApps/11d09dbc-3341-43fa-9576-fa62dbcbecac/installSummary -> HTTP 400
2026-07-21 07:42:41  [Warning] No install summary for 'Greenshot': Graph GET /beta/deviceAppManagement/mobileApps/2278c31e-ca1e-43e9-ad5a-419bdd6a98fa/installSummary -> HTTP 400
2026-07-21 07:42:41  [Warning] No install summary for 'GTSuiteNBG': Graph GET /beta/deviceAppManagement/mobileApps/85f7ab59-32bc-4b16-8edf-d41cbb389b6a/installSummary -> HTTP 400
2026-07-21 07:42:41  [Warning] No install summary for 'GWKTXP': Graph GET /beta/deviceAppManagement/mobileApps/f57d858e-065b-47dd-8df0-404ba7e581c7/installSummary -> HTTP 400
2026-07-21 07:42:42  [Warning] No install summary for 'HASPDongleTreiberEvovis': Graph GET /beta/deviceAppManagement/mobileApps/89063cda-3d8c-483d-8b2e-05ac7c23a82c/installSummary -> HTTP 400
2026-07-21 07:42:42  [Warning] No install summary for 'HDRLightstudio': Graph GET /beta/deviceAppManagement/mobileApps/47fa8a11-de3f-4bf6-89c4-a8073d63efa8/installSummary -> HTTP 400
2026-07-21 07:42:42  [Warning] No install summary for 'Health AND Safety MUC': Graph GET /beta/deviceAppManagement/mobileApps/37294345-f9bf-4fda-a3e1-b6a9eacb6749/installSummary -> HTTP 400
2026-07-21 07:42:42  [Warning] No install summary for 'Health AND Safety NBG': Graph GET /beta/deviceAppManagement/mobileApps/8775fd98-67ff-4844-a7d7-9de24363c3f3/installSummary -> HTTP 400
2026-07-21 07:42:42  [Warning] No install summary for 'Health AND Safety SLZ': Graph GET /beta/deviceAppManagement/mobileApps/aeda3f85-2f03-45e1-909a-0add8daa5db1/installSummary -> HTTP 400
2026-07-21 07:42:42  [Warning] No install summary for 'HOBOwarefree': Graph GET /beta/deviceAppManagement/mobileApps/328de26b-45e0-4f10-8be9-83e55c400a1f/installSummary -> HTTP 400
2026-07-21 07:42:42  [Warning] No install summary for 'Horizon Client': Graph GET /beta/deviceAppManagement/mobileApps/01d1605f-a32e-4b45-b3d6-8117e1ae1b9b/installSummary -> HTTP 400
2026-07-21 07:42:42  [Warning] No install summary for 'HP Image Assistant': Graph GET /beta/deviceAppManagement/mobileApps/451673e6-1f15-405e-8765-43e0df60e63e/installSummary -> HTTP 400
2026-07-21 07:42:42  [Warning] No install summary for 'HP Image Assistant': Graph GET /beta/deviceAppManagement/mobileApps/82dd284a-eb81-4290-8789-5034a4a59de8/installSummary -> HTTP 400
2026-07-21 07:42:42  [Warning] No install summary for 'HUB Desk Client': Graph GET /beta/deviceAppManagement/mobileApps/4284fbc6-8f73-4d09-9c10-ca0fedacb2ac/installSummary -> HTTP 400
2026-07-21 07:42:43  [Warning] No install summary for 'HUB Desk Client 2024 R1': Graph GET /beta/deviceAppManagement/mobileApps/a9bc3950-ec68-47e5-9519-f66dfc343650/installSummary -> HTTP 400
2026-07-21 07:42:43  [Warning] No install summary for 'HUBDeskClient2024R1-UPD': Graph GET /beta/deviceAppManagement/mobileApps/3bac580d-9a60-4d79-8236-e4c8bfd18ef2/installSummary -> HTTP 400
2026-07-21 07:42:43  [Warning] No install summary for 'HxGN dC3 VideoClient': Graph GET /beta/deviceAppManagement/mobileApps/fe482e7b-4e30-428d-91d2-2047638ac6eb/installSummary -> HTTP 400
2026-07-21 07:42:43  [Warning] No install summary for 'HyGEARS50': Graph GET /beta/deviceAppManagement/mobileApps/63a7f0ac-d3b6-4bd4-b859-e0d210d97723/installSummary -> HTTP 400
2026-07-21 07:42:43  [Warning] No install summary for 'HyperViewPlayer': Graph GET /beta/deviceAppManagement/mobileApps/54216711-3b77-4f49-98ba-71d0fc65452a/installSummary -> HTTP 400
2026-07-21 07:42:43  [Warning] No install summary for 'HyperWorks': Graph GET /beta/deviceAppManagement/mobileApps/70a72a85-c294-40d8-aff6-f876ac099cc1/installSummary -> HTTP 400
2026-07-21 07:42:43  [Warning] No install summary for 'HyperworksInd': Graph GET /beta/deviceAppManagement/mobileApps/c14f76db-43aa-4206-8ac0-b6e746ee30d6/installSummary -> HTTP 400
2026-07-21 07:42:43  [Warning] No install summary for 'I CA SecureStore': Graph GET /beta/deviceAppManagement/mobileApps/683e682b-b2e2-4530-9183-730372823ea1/installSummary -> HTTP 400
2026-07-21 07:42:43  [Warning] No install summary for 'IBS Report 2': Graph GET /beta/deviceAppManagement/mobileApps/d08aea94-b1b5-427f-987d-b5975cf8ee49/installSummary -> HTTP 400
2026-07-21 07:42:43  [Warning] No install summary for 'ICEMSurf': Graph GET /beta/deviceAppManagement/mobileApps/4f5357af-9288-41bf-8954-2804a0de9814/installSummary -> HTTP 400
2026-07-21 07:42:43  [Warning] No install summary for 'ICIDO': Graph GET /beta/deviceAppManagement/mobileApps/ab1e3563-8c00-411a-9d4b-cf261fb439f7/installSummary -> HTTP 400
2026-07-21 07:42:43  [Warning] No install summary for 'ICIDODesktop': Graph GET /beta/deviceAppManagement/mobileApps/7365309a-7b95-4e34-9bdd-b2d284b20c5a/installSummary -> HTTP 400
2026-07-21 07:42:43  [Warning] No install summary for 'ICIDOImmersiveConf': Graph GET /beta/deviceAppManagement/mobileApps/0a29e3dd-228f-463f-9d49-38b875cac4af/installSummary -> HTTP 400
2026-07-21 07:42:44  [Warning] No install summary for 'Idazki Desktop': Graph GET /beta/deviceAppManagement/mobileApps/6b0dcd92-2f18-4896-ae16-5432def2c6a8/installSummary -> HTTP 400
2026-07-21 07:42:44  [Warning] No install summary for 'IDE': Graph GET /beta/deviceAppManagement/mobileApps/2667f4f2-0258-4d56-a712-9a463fa9f2c0/installSummary -> HTTP 400
2026-07-21 07:42:44  [Warning] No install summary for 'IDES': Graph GET /beta/deviceAppManagement/mobileApps/1f24e99c-ce6f-4762-9c85-a7bfc5bdbbe3/installSummary -> HTTP 400
2026-07-21 07:42:44  [Warning] No install summary for 'IdriverControlSetup': Graph GET /beta/deviceAppManagement/mobileApps/297b1e65-c02f-4df0-972d-f02ed491d205/installSummary -> HTTP 400
2026-07-21 07:42:44  [Warning] No install summary for 'Illustrator FRL Offline': Graph GET /beta/deviceAppManagement/mobileApps/99c26242-5a60-4d6b-99b7-7b24647e7dcf/installSummary -> HTTP 400
2026-07-21 07:42:44  [Warning] No install summary for 'Image Express Utility Lite': Graph GET /beta/deviceAppManagement/mobileApps/bc6338ac-1ffd-4beb-9cb7-d0f18b8d26ae/installSummary -> HTTP 400
2026-07-21 07:42:44  [Warning] No install summary for 'image PROGRAF iPF 710 Treiber': Graph GET /beta/deviceAppManagement/mobileApps/f02782e8-cdca-4752-a1c5-a1b7775fb4b1/installSummary -> HTTP 400
2026-07-21 07:42:44  [Warning] No install summary for 'Image Resizer': Graph GET /beta/deviceAppManagement/mobileApps/6df56821-a28f-4483-8f74-d3f8039d4df2/installSummary -> HTTP 400
2026-07-21 07:42:44  [Warning] No install summary for 'ImagePrografPDEK': Graph GET /beta/deviceAppManagement/mobileApps/a2b462b1-9754-4b08-b506-61f60e04bbe5/installSummary -> HTTP 400
2026-07-21 07:42:44  [Warning] No install summary for 'iMANAGE': Graph GET /beta/deviceAppManagement/mobileApps/9537e475-c80b-4a43-8a39-013871fb75c3/installSummary -> HTTP 400
2026-07-21 07:42:44  [Warning] No install summary for 'iManage Drive for MAN': Graph GET /beta/deviceAppManagement/mobileApps/add6838e-7174-4d87-8cd8-638e2d31fcb1/installSummary -> HTTP 400
2026-07-21 07:42:44  [Warning] No install summary for 'Immi': Graph GET /beta/deviceAppManagement/mobileApps/e4add2bf-e307-47c7-b998-12c9d36843c5/installSummary -> HTTP 400
2026-07-21 07:42:44  [Warning] No install summary for 'InDesign': Graph GET /beta/deviceAppManagement/mobileApps/4498f2b5-3ee6-4f69-82dd-d55c8822a9fe/installSummary -> HTTP 400
2026-07-21 07:42:44  [Warning] No install summary for 'Indigo': Graph GET /beta/deviceAppManagement/mobileApps/ff790ae2-7ba4-4b21-a37c-d7d29dbf1fcc/installSummary -> HTTP 400
2026-07-21 07:42:45  [Warning] No install summary for 'InfoCenter Enable Extended Self Services': Graph GET /beta/deviceAppManagement/mobileApps/25ff81fe-58f6-4530-ad98-a15a0e4bd141/installSummary -> HTTP 400
2026-07-21 07:42:45  [Warning] No install summary for 'INITversant': Graph GET /beta/deviceAppManagement/mobileApps/2581dc56-4583-40c2-b649-01acc9f4ec8f/installSummary -> HTTP 400
2026-07-21 07:42:45  [Warning] No install summary for 'Inkscape': Graph GET /beta/deviceAppManagement/mobileApps/40520e96-153b-4e2a-9635-e2a5043e1f9b/installSummary -> HTTP 400
2026-07-21 07:42:45  [Warning] No install summary for 'Inspect Client Admin': Graph GET /beta/deviceAppManagement/mobileApps/a44f105f-d22d-4a9a-9185-15b7885e0f4e/installSummary -> HTTP 400
2026-07-21 07:42:45  [Warning] No install summary for 'Inspect Client KRA 01': Graph GET /beta/deviceAppManagement/mobileApps/e0896ae3-e226-4192-9581-9de7b6577357/installSummary -> HTTP 400
2026-07-21 07:42:45  [Warning] No install summary for 'Inspect Client KRA02': Graph GET /beta/deviceAppManagement/mobileApps/7fb034f9-dc39-4a46-8776-fdd93d94e6b5/installSummary -> HTTP 400
2026-07-21 07:42:45  [Warning] No install summary for 'Inspect Client MUE 01': Graph GET /beta/deviceAppManagement/mobileApps/737593e6-6c16-42f9-94b5-c7158b8735e1/installSummary -> HTTP 400
2026-07-21 07:42:45  [Warning] No install summary for 'Inspect Client MUE 02': Graph GET /beta/deviceAppManagement/mobileApps/17ab64b3-aecc-48c0-959a-bbd7c74e5f39/installSummary -> HTTP 400
2026-07-21 07:42:45  [Warning] No install summary for 'InspireSuite': Graph GET /beta/deviceAppManagement/mobileApps/3cea8839-e15d-432b-9858-fd4483ce4067/installSummary -> HTTP 400
2026-07-21 07:42:45  [Warning] No install summary for 'Instant Client': Graph GET /beta/deviceAppManagement/mobileApps/aa9e4e27-a6f9-44bc-8ea0-5e8916ecb80e/installSummary -> HTTP 400
2026-07-21 07:42:45  [Warning] No install summary for 'InStep BLUE': Graph GET /beta/deviceAppManagement/mobileApps/3395afaf-f6fd-4adb-93d1-f9fb7534dd70/installSummary -> HTTP 400
2026-07-21 07:42:45  [Warning] No install summary for 'Integrity Client MAN': Graph GET /beta/deviceAppManagement/mobileApps/a6265d9f-28be-45a0-b3db-f839256484d2/installSummary -> HTTP 400
2026-07-21 07:42:45  [Warning] No install summary for 'IntegrityRequirementsConnector': Graph GET /beta/deviceAppManagement/mobileApps/b2f3f442-e1f1-4e03-bf37-483acccee2d5/installSummary -> HTTP 400
2026-07-21 07:42:45  [Warning] No install summary for 'Intelligent Capture Client': Graph GET /beta/deviceAppManagement/mobileApps/22060060-4e6a-424c-b444-bc63341b6f8b/installSummary -> HTTP 400
2026-07-21 07:42:45  [Warning] No install summary for 'IntelliJ IDEA': Graph GET /beta/deviceAppManagement/mobileApps/a4df23a4-9265-4ef5-84ff-78a712aad8e5/installSummary -> HTTP 400
2026-07-21 07:42:45  [Warning] No install summary for 'IntraWeb': Graph GET /beta/deviceAppManagement/mobileApps/2dec9b8d-5fe0-467f-b926-6aa0c7d13a1a/installSummary -> HTTP 400
2026-07-21 07:42:45  [Warning] No install summary for 'Inventor Revit Interoperability Plugin': Graph GET /beta/deviceAppManagement/mobileApps/45d29837-4d5e-4704-bf0e-fcc1ea7ebe6b/installSummary -> HTTP 400
2026-07-21 07:42:45  [Warning] No install summary for 'InventorPro': Graph GET /beta/deviceAppManagement/mobileApps/9df7c336-8fed-4de8-b1ad-f3f6ae70573a/installSummary -> HTTP 400
2026-07-21 07:42:45  [Warning] No install summary for 'InvoiceViewer': Graph GET /beta/deviceAppManagement/mobileApps/d9b33d79-3f66-4615-b676-1f2f0e36dfef/installSummary -> HTTP 400
2026-07-21 07:42:45  [Warning] No install summary for 'Invoke-AppDeployToolkit.exe': Graph GET /beta/deviceAppManagement/mobileApps/c5a06647-691f-4c27-8005-c55c408d98d4/installSummary -> HTTP 400
2026-07-21 07:42:45  [Warning] No install summary for 'IPEmotion': Graph GET /beta/deviceAppManagement/mobileApps/20d96c0f-3a97-457e-a661-ae528b9dc775/installSummary -> HTTP 400
2026-07-21 07:42:46  [Warning] No install summary for 'IPS Cable': Graph GET /beta/deviceAppManagement/mobileApps/2aabc85a-badd-4af9-9727-39bed96cacce/installSummary -> HTTP 400
2026-07-21 07:42:46  [Warning] No install summary for 'iQ Basis NBG': Graph GET /beta/deviceAppManagement/mobileApps/08adfae2-d487-42ff-a6f6-5f564698dfe7/installSummary -> HTTP 400
2026-07-21 07:42:46  [Warning] No install summary for 'iQ Basis SLZ': Graph GET /beta/deviceAppManagement/mobileApps/3f8d1810-d252-460c-9690-eb58d944f6fd/installSummary -> HTTP 400
2026-07-21 07:42:46  [Warning] No install summary for 'IQFMEAL': Graph GET /beta/deviceAppManagement/mobileApps/cb1ba9ec-80f7-4bd7-a182-fc7b63ff3a39/installSummary -> HTTP 400
2026-07-21 07:42:46  [Warning] No install summary for 'IQReader': Graph GET /beta/deviceAppManagement/mobileApps/071cdfb7-a401-468a-82b8-664f5d54669c/installSummary -> HTTP 400
2026-07-21 07:42:46  [Warning] No install summary for 'iSIGNPlusWA': Graph GET /beta/deviceAppManagement/mobileApps/548f8e93-84f4-4db2-ac6a-35e905e10352/installSummary -> HTTP 400
2026-07-21 07:42:46  [Warning] No install summary for 'IsoDraw': Graph GET /beta/deviceAppManagement/mobileApps/be69d156-b430-40d4-9420-5f459032880b/installSummary -> HTTP 400
2026-07-21 07:42:46  [Warning] No install summary for 'Jabber': Graph GET /beta/deviceAppManagement/mobileApps/7b256d76-96fd-44f6-8f5b-68733a5b4e53/installSummary -> HTTP 400
2026-07-21 07:42:46  [Warning] No install summary for 'JabraXpress': Graph GET /beta/deviceAppManagement/mobileApps/e3cfd0e4-9f4c-4ce9-9e85-dcd336ace1df/installSummary -> HTTP 400
2026-07-21 07:42:46  [Warning] No install summary for 'JabraXpress-UPD': Graph GET /beta/deviceAppManagement/mobileApps/ae641258-2799-42c1-9bd4-170bf837427e/installSummary -> HTTP 400
2026-07-21 07:42:46  [Warning] No install summary for 'Java 8 Update 471 x86': Graph GET /beta/deviceAppManagement/mobileApps/627ec913-9967-4664-933c-10b17a009050/installSummary -> HTTP 400
2026-07-21 07:42:46  [Warning] No install summary for 'Java Config': Graph GET /beta/deviceAppManagement/mobileApps/0bf46975-3d8e-4f08-9253-aabc32e32ba9/installSummary -> HTTP 400
2026-07-21 07:42:47  [Warning] No install summary for 'Java Runtime Environment 1.8 x64': Graph GET /beta/deviceAppManagement/mobileApps/22a5db64-a411-4364-bd13-63b529c1af66/installSummary -> HTTP 400
2026-07-21 07:42:47  [Warning] No install summary for 'Java(TM) SE Development Kit 26': Graph GET /beta/deviceAppManagement/mobileApps/fd5733d7-1c7a-4448-b412-7df70dd69d32/installSummary -> HTTP 400
2026-07-21 07:42:47  [Warning] No install summary for 'JDK': Graph GET /beta/deviceAppManagement/mobileApps/ff403a81-ae2c-431d-9611-d3b6027796fe/installSummary -> HTTP 400
2026-07-21 07:42:47  [Warning] No install summary for 'JT2Go': Graph GET /beta/deviceAppManagement/mobileApps/4c4ebf13-59e0-4ec9-a130-c89e0db94a74/installSummary -> HTTP 400
2026-07-21 07:42:47  [Warning] No install summary for 'JT2Go': Graph GET /beta/deviceAppManagement/mobileApps/ef91725c-29c7-49a4-b274-f925a8f2aa54/installSummary -> HTTP 400
2026-07-21 07:42:48  [Warning] No install summary for 'JTUtilities': Graph GET /beta/deviceAppManagement/mobileApps/2a613aa9-ac64-4e6e-b155-704e03b84a41/installSummary -> HTTP 400
2026-07-21 07:42:48  [Warning] No install summary for 'KeePass Password Safe': Graph GET /beta/deviceAppManagement/mobileApps/b7172de5-8b16-4857-8281-36a36fe7a12e/installSummary -> HTTP 400
2026-07-21 07:42:48  [Warning] No install summary for 'KeePass Password Safe': Graph GET /beta/deviceAppManagement/mobileApps/e1ac833f-dcd5-4a3d-b67b-d443b84e2d41/installSummary -> HTTP 400
2026-07-21 07:42:48  [Warning] No install summary for 'KofaxExpress': Graph GET /beta/deviceAppManagement/mobileApps/8fba5e82-1870-4195-9d3b-8a9d625a20fb/installSummary -> HTTP 400
2026-07-21 07:42:48  [Warning] No install summary for 'KSbiz Installer': Graph GET /beta/deviceAppManagement/mobileApps/51ff7033-831f-4b7a-ac32-6059373a333f/installSummary -> HTTP 400
2026-07-21 07:42:48  [Warning] No install summary for 'KX Universal Printer Driver': Graph GET /beta/deviceAppManagement/mobileApps/63fa77b0-6c01-4ab7-a6d8-04959d4dd1be/installSummary -> HTTP 400
2026-07-21 07:42:48  [Warning] No install summary for 'LabelWriter 550': Graph GET /beta/deviceAppManagement/mobileApps/e1511487-8d62-49fd-bcc4-f4f86eaf4516/installSummary -> HTTP 400
2026-07-21 07:42:49  [Warning] No install summary for 'LaserJet P2035 Series': Graph GET /beta/deviceAppManagement/mobileApps/78e73c9a-b481-4b7a-bbec-b0cc367c26de/installSummary -> HTTP 400
2026-07-21 07:42:49  [Warning] No install summary for 'Latitude 7230 RE BIOS Update': Graph GET /beta/deviceAppManagement/mobileApps/810e5e88-4b3a-4586-a2c5-279b54c0b75a/installSummary -> HTTP 400
2026-07-21 07:42:49  [Warning] No install summary for 'LCAforExperts': Graph GET /beta/deviceAppManagement/mobileApps/ed817888-e17c-4da5-891b-df9d7282745d/installSummary -> HTTP 400
2026-07-21 07:42:49  [Warning] No install summary for 'LDAP Browser': Graph GET /beta/deviceAppManagement/mobileApps/e187ae2a-ebd6-4f7b-be65-0611fc290fdd/installSummary -> HTTP 400
2026-07-21 07:42:49  [Warning] No install summary for 'Legalia 2': Graph GET /beta/deviceAppManagement/mobileApps/f7ff717e-f7d5-4081-997d-11dea29393eb/installSummary -> HTTP 400
2026-07-21 07:42:49  [Warning] No install summary for 'Legato Configuration Center 2': Graph GET /beta/deviceAppManagement/mobileApps/96fc49b3-3792-4607-9391-573fe6b90ce2/installSummary -> HTTP 400
2026-07-21 07:42:49  [Warning] No install summary for 'LegatoConfigurationCenter': Graph GET /beta/deviceAppManagement/mobileApps/10c0f54b-f73d-45f5-a96a-b3c3d569f18c/installSummary -> HTTP 400
2026-07-21 07:42:49  [Warning] No install summary for 'Lenovo Commercial Vantage': Graph GET /beta/deviceAppManagement/mobileApps/140d3067-6d87-42a9-b6ed-7db7d0d91ad9/installSummary -> HTTP 400
2026-07-21 07:42:49  [Warning] No install summary for 'Lenovo WLAN Treiber': Graph GET /beta/deviceAppManagement/mobileApps/4b0287ff-2c72-4fde-bf20-3ce9320b7d40/installSummary -> HTTP 400
2026-07-21 07:42:49  [Warning] No install summary for 'LexCom SEDOK': Graph GET /beta/deviceAppManagement/mobileApps/0a7fa93d-5ca9-4f1f-a45c-f024948cc1ac/installSummary -> HTTP 400
2026-07-21 07:42:49  [Warning] No install summary for 'License Client': Graph GET /beta/deviceAppManagement/mobileApps/a8301c61-d73c-41fc-a358-140dc502e348/installSummary -> HTTP 400
2026-07-21 07:42:49  [Warning] No install summary for 'License Client': Graph GET /beta/deviceAppManagement/mobileApps/7438b4ae-4aca-4890-8869-eeb17a52d2cb/installSummary -> HTTP 400
2026-07-21 07:42:50  [Warning] No install summary for 'License Client': Graph GET /beta/deviceAppManagement/mobileApps/0de63219-a5df-4bc1-9d92-f7f7d5b85d83/installSummary -> HTTP 400
2026-07-21 07:42:50  [Warning] No install summary for 'License Package': Graph GET /beta/deviceAppManagement/mobileApps/fa761a2f-aead-4ba1-a0c9-c5a8e2240edf/installSummary -> HTTP 400
2026-07-21 07:42:50  [Warning] No install summary for 'LinkWare': Graph GET /beta/deviceAppManagement/mobileApps/fab1ff6c-0f9d-4b53-8485-d392544ca758/installSummary -> HTTP 400
2026-07-21 07:42:50  [Warning] No install summary for 'LJSeriesTerminal': Graph GET /beta/deviceAppManagement/mobileApps/d317d2b6-ada5-4ea9-a34b-cd6c2ac33117/installSummary -> HTTP 400
2026-07-21 07:42:50  [Warning] No install summary for 'LogoComfort V8': Graph GET /beta/deviceAppManagement/mobileApps/8bcc3a88-ef65-4ea9-9349-be6b11faf2bd/installSummary -> HTTP 400
2026-07-21 07:42:50  [Warning] No install summary for 'LPDDruckdienst und LPRAnschlussmonitor': Graph GET /beta/deviceAppManagement/mobileApps/559c9396-ce19-4b31-9b57-f8728cfae4c7/installSummary -> HTTP 400
2026-07-21 07:42:50  [Warning] No install summary for 'M365 Apps Lang Proofing Tools Asia': Graph GET /beta/deviceAppManagement/mobileApps/c9553470-3da4-4f84-9e0b-646f062d97ad/installSummary -> HTTP 400
2026-07-21 07:42:50  [Warning] No install summary for 'M365 Apps Lang Proofing Tools EU1': Graph GET /beta/deviceAppManagement/mobileApps/92d1f341-3817-4302-a75c-75583611c261/installSummary -> HTTP 400
2026-07-21 07:42:50  [Warning] No install summary for 'M365 Apps Lang Proofing Tools EU2': Graph GET /beta/deviceAppManagement/mobileApps/3ec8206a-15bd-4317-a9de-dde4813a01aa/installSummary -> HTTP 400
2026-07-21 07:42:50  [Warning] No install summary for 'M365 Apps Lang Proofing Tools EU3': Graph GET /beta/deviceAppManagement/mobileApps/1ddf24b1-f3da-4d5f-b7ab-4ccc44d4b83e/installSummary -> HTTP 400
2026-07-21 07:42:50  [Warning] No install summary for 'M365 Apps Lang Proofing Tools EU4': Graph GET /beta/deviceAppManagement/mobileApps/99c351b9-86fc-4c7a-83fd-b457cb67756d/installSummary -> HTTP 400
2026-07-21 07:42:50  [Warning] No install summary for 'M365 Apps Lang Proofing Tools Iberia': Graph GET /beta/deviceAppManagement/mobileApps/620d8a3f-410e-4e88-bb0e-cf1d65f15f50/installSummary -> HTTP 400
2026-07-21 07:42:50  [Warning] No install summary for 'M365 Apps Lang Proofing Tools India1': Graph GET /beta/deviceAppManagement/mobileApps/41d6becb-1c3a-4460-9c8b-14332e30533f/installSummary -> HTTP 400
2026-07-21 07:42:50  [Warning] No install summary for 'M365 Apps Lang Proofing Tools India2': Graph GET /beta/deviceAppManagement/mobileApps/cbc6b027-89c4-41ce-9927-b89ff9f2cc3c/installSummary -> HTTP 400
2026-07-21 07:42:50  [Warning] No install summary for 'M365 Apps Lang Proofing Tools SA': Graph GET /beta/deviceAppManagement/mobileApps/8f75c25a-b97a-4da9-b63d-001032104c93/installSummary -> HTTP 400
2026-07-21 07:42:50  [Warning] No install summary for 'MachineHostInterface': Graph GET /beta/deviceAppManagement/mobileApps/a54f2858-1317-4e88-bc35-c7d9f83fb078/installSummary -> HTTP 400
2026-07-21 07:42:51  [Warning] No install summary for 'MagicLine4NX': Graph GET /beta/deviceAppManagement/mobileApps/907538e8-f34c-4567-a886-5ba308abca06/installSummary -> HTTP 400
2026-07-21 07:42:51  [Warning] No install summary for 'MANtime': Graph GET /beta/deviceAppManagement/mobileApps/ea02558b-ddd5-4a05-9849-262d6f66c773/installSummary -> HTTP 400
2026-07-21 07:42:51  [Warning] No install summary for 'MANtime': Graph GET /beta/deviceAppManagement/mobileApps/7c3de607-c8c7-4a64-9e4b-682493f2567a/installSummary -> HTTP 400
2026-07-21 07:42:52  [Warning] No install summary for 'MANtime': Graph GET /beta/deviceAppManagement/mobileApps/65c963ea-fb00-4f4c-bdde-6bb500227c92/installSummary -> HTTP 400
2026-07-21 07:42:52  [Warning] No install summary for 'MANTIS': Graph GET /beta/deviceAppManagement/mobileApps/3537d049-459d-4cb0-a2d9-0a749adb54e8/installSummary -> HTTP 400
2026-07-21 07:42:52  [Warning] No install summary for 'MANTIS': Graph GET /beta/deviceAppManagement/mobileApps/d5bf73e1-29ba-4f2d-9907-11ddf58c56dc/installSummary -> HTTP 400
2026-07-21 07:42:53  [Warning] No install summary for 'MarComProfessional': Graph GET /beta/deviceAppManagement/mobileApps/468a4839-c95a-42b7-812c-adb8286f754f/installSummary -> HTTP 400
2026-07-21 07:42:53  [Warning] No install summary for 'MATLAB2019b': Graph GET /beta/deviceAppManagement/mobileApps/5e81d24c-89a7-4dca-b463-f0f93d8175ef/installSummary -> HTTP 400
2026-07-21 07:42:53  [Warning] No install summary for 'MATLAB2020a': Graph GET /beta/deviceAppManagement/mobileApps/07251b18-448b-4ea1-a038-2d6aeab39d69/installSummary -> HTTP 400
2026-07-21 07:42:53  [Warning] No install summary for 'MATLAB2020b': Graph GET /beta/deviceAppManagement/mobileApps/9dfca5a8-da0e-4cb0-8701-a2776e814c94/installSummary -> HTTP 400
2026-07-21 07:42:53  [Warning] No install summary for 'MATLAB2022a': Graph GET /beta/deviceAppManagement/mobileApps/29bd527c-490e-4ff8-9b63-f341116ff702/installSummary -> HTTP 400
2026-07-21 07:42:53  [Warning] No install summary for 'MATLAB2023b': Graph GET /beta/deviceAppManagement/mobileApps/e1a73d30-7efa-48a0-9640-7023917b8820/installSummary -> HTTP 400
2026-07-21 07:42:53  [Warning] No install summary for 'MATLAB2025a': Graph GET /beta/deviceAppManagement/mobileApps/b6c28e92-2261-48d7-bf4e-a74f0c1ae8fd/installSummary -> HTTP 400
2026-07-21 07:42:53  [Warning] No install summary for 'MATLABDataPluginDIAdem': Graph GET /beta/deviceAppManagement/mobileApps/8ca22c16-887d-4653-98bf-ea72a7dd38b2/installSummary -> HTTP 400
2026-07-21 07:42:53  [Warning] No install summary for 'MATLABRuntime': Graph GET /beta/deviceAppManagement/mobileApps/66b042a2-5e76-4594-81a2-c011bbda1202/installSummary -> HTTP 400
2026-07-21 07:42:53  [Warning] No install summary for 'Matterway Assistant': Graph GET /beta/deviceAppManagement/mobileApps/a7963287-6954-43bb-b9ca-46a3d6c23b94/installSummary -> HTTP 400
2026-07-21 07:42:53  [Warning] No install summary for 'Matterway Assistant': Graph GET /beta/deviceAppManagement/mobileApps/69171712-c150-4a73-b141-ada857ad0f28/installSummary -> HTTP 400
2026-07-21 07:42:54  [Warning] No install summary for 'MAYA': Graph GET /beta/deviceAppManagement/mobileApps/89f8905b-66f9-4d2a-8ac4-2b26ecef9c8d/installSummary -> HTTP 400
2026-07-21 07:42:54  [Warning] No install summary for 'MayCAD': Graph GET /beta/deviceAppManagement/mobileApps/d1c1a213-92b9-46a1-b5c2-057fb309ce97/installSummary -> HTTP 400
2026-07-21 07:42:54  [Warning] No install summary for 'MDESIGN2022': Graph GET /beta/deviceAppManagement/mobileApps/6952f299-6ca0-44a4-ae3d-a5302fbd058d/installSummary -> HTTP 400
2026-07-21 07:42:54  [Warning] No install summary for 'MDF4DatapluginDIAdem': Graph GET /beta/deviceAppManagement/mobileApps/85b64ef1-1b08-457c-a903-db56baa102df/installSummary -> HTTP 400
2026-07-21 07:42:54  [Warning] No install summary for 'MecaPlanning': Graph GET /beta/deviceAppManagement/mobileApps/908b3dbe-a7e3-4380-8166-390171ec0d65/installSummary -> HTTP 400
2026-07-21 07:42:54  [Warning] No install summary for 'Media Encoder FRL Offline': Graph GET /beta/deviceAppManagement/mobileApps/3e97d39d-8b03-48c8-8999-c4b93e6fba10/installSummary -> HTTP 400
2026-07-21 07:42:54  [Warning] No install summary for 'Memorator': Graph GET /beta/deviceAppManagement/mobileApps/eed745b5-30ac-44bf-8cca-96a4f83abed5/installSummary -> HTTP 400
2026-07-21 07:42:54  [Warning] No install summary for 'Memorator Tools': Graph GET /beta/deviceAppManagement/mobileApps/1d549a42-c9d4-4df9-9326-12e29cef138f/installSummary -> HTTP 400
2026-07-21 07:42:54  [Warning] No install summary for 'Mercury': Graph GET /beta/deviceAppManagement/mobileApps/9d3e0cab-2440-4477-ba6f-e09702efc51d/installSummary -> HTTP 400
2026-07-21 07:42:54  [Warning] No install summary for 'MFilesOnline': Graph GET /beta/deviceAppManagement/mobileApps/3c6f49f9-5aa0-4f7d-9eb7-34e6ce307c1c/installSummary -> HTTP 400
2026-07-21 07:42:54  [Warning] No install summary for 'Microsoft 365 Apps Current Channel': Graph GET /beta/deviceAppManagement/mobileApps/04b12fd8-0f0a-4155-b627-3ff548d1eed8/installSummary -> HTTP 400
2026-07-21 07:42:54  [Warning] No install summary for 'Microsoft 365 Apps Current Channel': Graph GET /beta/deviceAppManagement/mobileApps/58ac57ef-eadb-4613-b77d-559f1d511167/installSummary -> HTTP 400
2026-07-21 07:42:54  [Warning] No install summary for 'Microsoft 365 Apps Monthly Channel': Graph GET /beta/deviceAppManagement/mobileApps/c8d28aef-3c6d-43dc-a784-3052b45abfd6/installSummary -> HTTP 400
2026-07-21 07:42:54  [Warning] No install summary for 'Microsoft 365 Apps Monthly Channel OS ESP': Graph GET /beta/deviceAppManagement/mobileApps/161ea7ee-0268-4a53-b3c8-d4913bf031b3/installSummary -> HTTP 400
2026-07-21 07:42:54  [Warning] No install summary for 'Microsoft 365 Apps Semi Annual Channel': Graph GET /beta/deviceAppManagement/mobileApps/89ac155a-1db0-4a63-983f-d7c175d45269/installSummary -> HTTP 400
2026-07-21 07:42:54  [Warning] No install summary for 'Microsoft 365 Apps Semi Annual Channel Limited FioccTest': Graph GET /beta/deviceAppManagement/mobileApps/02b5c42c-6a57-4e73-ad81-8da54d18a440/installSummary -> HTTP 400
2026-07-21 07:42:54  [Warning] No install summary for 'Microsoft 365 Copilot': Graph GET /beta/deviceAppManagement/mobileApps/0926bfc0-f545-4bd2-9f60-57bc8b1af9bf/installSummary -> HTTP 400
2026-07-21 07:42:54  [Warning] No install summary for 'Microsoft MBAM Client': Graph GET /beta/deviceAppManagement/mobileApps/1f290c1b-82d9-4f36-9018-032a732c1242/installSummary -> HTTP 400
2026-07-21 07:42:54  [Warning] No install summary for 'Microsoft Visual C++ 2005 Redistributable (x64)': Graph GET /beta/deviceAppManagement/mobileApps/7b0032d5-3291-4bec-b2e8-c2765bf17479/installSummary -> HTTP 400
2026-07-21 07:42:54  [Warning] No install summary for 'Microsoft Visual C++ 2010 x64 Redistributable': Graph GET /beta/deviceAppManagement/mobileApps/eab73745-227a-4c0d-bbb2-8f9f2f33e2ef/installSummary -> HTTP 400
2026-07-21 07:42:54  [Warning] No install summary for 'Microsoft Visual C++ 2010 x86 Redistributable': Graph GET /beta/deviceAppManagement/mobileApps/7a2c8579-e37e-4ac1-8b88-0ed00b5f562a/installSummary -> HTTP 400
2026-07-21 07:42:54  [Warning] No install summary for 'Microsoft Visual C++ 2013 Redistributable (x64)': Graph GET /beta/deviceAppManagement/mobileApps/4335eef4-6b32-4c45-9b9e-021375b01d35/installSummary -> HTTP 400
2026-07-21 07:42:54  [Warning] No install summary for 'Microsoft Visual C++ 2013 Redistributable (x86)': Graph GET /beta/deviceAppManagement/mobileApps/0ac1a219-d057-46ff-bf68-a0e24b1cc97b/installSummary -> HTTP 400
2026-07-21 07:42:54  [Warning] No install summary for 'Microsoft Visual C++ 2015-2022 Redistributable (x64)': Graph GET /beta/deviceAppManagement/mobileApps/9fd6f426-80ba-43cf-8b89-618031378007/installSummary -> HTTP 400
2026-07-21 07:42:54  [Warning] No install summary for 'Microsoft Visual C++ 2015-2022 Redistributable (x86)': Graph GET /beta/deviceAppManagement/mobileApps/0536a230-9107-45cb-a6d6-07de6b7c3ec9/installSummary -> HTTP 400
2026-07-21 07:42:54  [Warning] No install summary for 'Microsoft Visual C++ v14 Redistributable (x64)': Graph GET /beta/deviceAppManagement/mobileApps/d6fe8967-9ad6-44de-ac10-761b82b1436e/installSummary -> HTTP 400
2026-07-21 07:42:54  [Warning] No install summary for 'Microsoft Visual C++ v14 Redistributable (x86)': Graph GET /beta/deviceAppManagement/mobileApps/c0e76c1e-e743-4bc5-bcb0-e2ad3aba1ff2/installSummary -> HTTP 400
2026-07-21 07:42:54  [Warning] No install summary for 'MindManager': Graph GET /beta/deviceAppManagement/mobileApps/a512ac10-a77f-48ae-bfa5-bcb1fd2021dd/installSummary -> HTTP 400
2026-07-21 07:42:54  [Warning] No install summary for 'Mitel Connect': Graph GET /beta/deviceAppManagement/mobileApps/3dea7c96-a6a3-4126-aa76-ac410e64049d/installSummary -> HTTP 400
2026-07-21 07:42:55  [Warning] No install summary for 'MobileEasykeyManager': Graph GET /beta/deviceAppManagement/mobileApps/3112569a-a4c6-49b6-b755-279608b05690/installSummary -> HTTP 400
2026-07-21 07:42:55  [Warning] No install summary for 'Modeler': Graph GET /beta/deviceAppManagement/mobileApps/23e9656a-683f-4b1d-add8-1ed9cb095e34/installSummary -> HTTP 400
2026-07-21 07:42:55  [Warning] No install summary for 'Moldflow Insight': Graph GET /beta/deviceAppManagement/mobileApps/ee72ea84-d9ff-4d8c-a90b-8f5d093fb1da/installSummary -> HTTP 400
2026-07-21 07:42:55  [Warning] No install summary for 'MoldflowCommunicator': Graph GET /beta/deviceAppManagement/mobileApps/9950c36d-ed1c-47ee-98ec-19d441d791ec/installSummary -> HTTP 400
2026-07-21 07:42:55  [Warning] No install summary for 'Mosquitto': Graph GET /beta/deviceAppManagement/mobileApps/83abb86a-172d-4d6c-9631-e1f89dcff55c/installSummary -> HTTP 400
2026-07-21 07:42:55  [Warning] No install summary for 'Mouse Manager': Graph GET /beta/deviceAppManagement/mobileApps/46ec1dbe-15d6-4290-8b78-3fd2a08cc77f/installSummary -> HTTP 400
2026-07-21 07:42:55  [Warning] No install summary for 'Mouse Manager': Graph GET /beta/deviceAppManagement/mobileApps/fb063ae9-5aba-4376-92a8-508d60901d79/installSummary -> HTTP 400
2026-07-21 07:42:56  [Warning] No install summary for 'Mouse Manager - Test': Graph GET /beta/deviceAppManagement/mobileApps/2281bfad-aa33-4e94-8a0a-1416dde3f55f/installSummary -> HTTP 400
2026-07-21 07:42:56  [Warning] No install summary for 'Mozila_Test01': Graph GET /beta/deviceAppManagement/mobileApps/566374d7-81a4-46a4-bd0f-f04b9c7bb089/installSummary -> HTTP 400
2026-07-21 07:42:56  [Warning] No install summary for 'Mozila_Test02': Graph GET /beta/deviceAppManagement/mobileApps/37ed29f7-26f5-4d18-a3a8-6f6890968554/installSummary -> HTTP 400
2026-07-21 07:42:56  [Warning] No install summary for 'Mozila_Test03': Graph GET /beta/deviceAppManagement/mobileApps/fd442dc1-6210-4f05-804a-b4de87978b2d/installSummary -> HTTP 400
2026-07-21 07:42:56  [Warning] No install summary for 'MPI': Graph GET /beta/deviceAppManagement/mobileApps/ee2a3ac7-dc84-4c2c-8d5b-151bcc8fd3ec/installSummary -> HTTP 400
2026-07-21 07:42:56  [Warning] No install summary for 'mProRemote Pro': Graph GET /beta/deviceAppManagement/mobileApps/63aa40d6-012d-42be-b225-99ab76b04f66/installSummary -> HTTP 400
2026-07-21 07:42:56  [Warning] No install summary for 'MQTTx': Graph GET /beta/deviceAppManagement/mobileApps/4ceb4047-76cd-47e7-8ed9-6ae64a25ca93/installSummary -> HTTP 400
2026-07-21 07:42:56  [Warning] No install summary for 'MQTTx': Graph GET /beta/deviceAppManagement/mobileApps/dbdbc674-792f-40ed-92ac-dfee6fbda568/installSummary -> HTTP 400
2026-07-21 07:42:57  [Warning] No install summary for 'MSR 175 Datenlogger': Graph GET /beta/deviceAppManagement/mobileApps/b6bd325c-05c3-4067-8d16-2a2b05b96038/installSummary -> HTTP 400
2026-07-21 07:42:57  [Warning] No install summary for 'MSR165Datenlogger': Graph GET /beta/deviceAppManagement/mobileApps/831b594b-c406-4d3d-87b0-9f2491a0728c/installSummary -> HTTP 400
2026-07-21 07:42:57  [Warning] No install summary for 'MSR165ShockViewer': Graph GET /beta/deviceAppManagement/mobileApps/d3893151-04e0-413f-95bc-c01bc34c41b6/installSummary -> HTTP 400
2026-07-21 07:42:57  [Warning] No install summary for 'MTRP Provisioning Tool': Graph GET /beta/deviceAppManagement/mobileApps/3056f0d6-25f8-4d19-9ebc-ac9800955a00/installSummary -> HTTP 400
2026-07-21 07:42:57  [Warning] No install summary for 'MTRP Provisioning Tool': Graph GET /beta/deviceAppManagement/mobileApps/1d19fb7b-572e-4d05-b3d2-db3e72c27c86/installSummary -> HTTP 400
2026-07-21 07:42:57  [Warning] No install summary for 'MxManagementCenter': Graph GET /beta/deviceAppManagement/mobileApps/041bba9b-b879-4bda-91bb-4f2f3537c73b/installSummary -> HTTP 400
2026-07-21 07:42:57  [Warning] No install summary for 'myApps': Graph GET /beta/deviceAppManagement/mobileApps/547aa0b6-a474-4313-b330-5d14642fd93b/installSummary -> HTTP 400
2026-07-21 07:42:57  [Warning] No install summary for 'myApps': Graph GET /beta/deviceAppManagement/mobileApps/c97a6dca-32a7-4ce9-a55a-f7ec5286c711/installSummary -> HTTP 400
2026-07-21 07:42:58  [Warning] No install summary for 'myApps-UPD': Graph GET /beta/deviceAppManagement/mobileApps/7b2723e6-fddc-4760-ba9c-62903ee91f68/installSummary -> HTTP 400
2026-07-21 07:42:58  [Warning] No install summary for 'NavisworksFreedom 2022': Graph GET /beta/deviceAppManagement/mobileApps/4f5ede2d-34a6-4f78-95c7-05443878cd47/installSummary -> HTTP 400
2026-07-21 07:42:58  [Warning] No install summary for 'nCodeGlyphworks': Graph GET /beta/deviceAppManagement/mobileApps/f7dea6ed-1c11-4254-8359-f77f256c30a7/installSummary -> HTTP 400
2026-07-21 07:42:58  [Warning] No install summary for 'Netfx3.ps1': Graph GET /beta/deviceAppManagement/mobileApps/c9b70882-9296-4172-8f9f-71ad2d91201b/installSummary -> HTTP 400
2026-07-21 07:42:58  [Warning] No install summary for 'Networks OTDR': Graph GET /beta/deviceAppManagement/mobileApps/01eb280f-6f5e-4c0d-9e3b-d4a0fd245c7c/installSummary -> HTTP 400
2026-07-21 07:42:58  [Warning] No install summary for 'Nexus Personal Desktop Client': Graph GET /beta/deviceAppManagement/mobileApps/39bde577-5e10-4564-a53f-0e68f49c8605/installSummary -> HTTP 400
2026-07-21 07:42:58  [Warning] No install summary for 'Nexus_PersonalDesktopVSC_MAN_x64_1.3.6.0-0002_MUL': Graph GET /beta/deviceAppManagement/mobileApps/c5382b89-1c63-4d35-a4ab-20c3dffd2449/installSummary -> HTTP 400
2026-07-21 07:42:58  [Warning] No install summary for 'NiceLabel 2017': Graph GET /beta/deviceAppManagement/mobileApps/0162f973-842b-4205-8d76-2512b21da819/installSummary -> HTTP 400
2026-07-21 07:42:58  [Warning] No install summary for 'Nicelabel Designer Pro': Graph GET /beta/deviceAppManagement/mobileApps/a6cd66ec-2f0b-4872-86cc-c2f97bc982b6/installSummary -> HTTP 400
2026-07-21 07:42:58  [Warning] No install summary for 'NoiseTools': Graph GET /beta/deviceAppManagement/mobileApps/f133cefc-aba2-47d7-81a6-29d0cb0be34f/installSummary -> HTTP 400
2026-07-21 07:42:58  [Warning] No install summary for 'Notepadpp': Graph GET /beta/deviceAppManagement/mobileApps/4fca41b8-a847-49b5-893f-b61084d7e301/installSummary -> HTTP 400
2026-07-21 07:42:59  [Warning] No install summary for 'NXFeature2Cost': Graph GET /beta/deviceAppManagement/mobileApps/673908cf-87a8-47ff-bb05-db8dc1e71514/installSummary -> HTTP 400
2026-07-21 07:42:59  [Warning] No install summary for 'OBSStudio': Graph GET /beta/deviceAppManagement/mobileApps/41ef1aea-8e96-4ff3-92f4-44228ae256b7/installSummary -> HTTP 400
2026-07-21 07:42:59  [Warning] No install summary for 'ODBC System DSN UK': Graph GET /beta/deviceAppManagement/mobileApps/4c6ad4fe-7f0e-476a-a57e-6f84582b42cf/installSummary -> HTTP 400
2026-07-21 07:42:59  [Warning] No install summary for 'ODBCTreiber': Graph GET /beta/deviceAppManagement/mobileApps/63ac510a-8ace-40fe-a2da-48d72d723a47/installSummary -> HTTP 400
2026-07-21 07:42:59  [Warning] No install summary for 'Oil Control': Graph GET /beta/deviceAppManagement/mobileApps/37975466-222f-4335-8fcb-8d72b8e9b6f9/installSummary -> HTTP 400
2026-07-21 07:42:59  [Warning] No install summary for 'OLE DB Driver for SQL Server': Graph GET /beta/deviceAppManagement/mobileApps/dc5900b9-ca02-408d-94da-b204d4b73481/installSummary -> HTTP 400
2026-07-21 07:42:59  [Warning] No install summary for 'Open Workbench': Graph GET /beta/deviceAppManagement/mobileApps/50e35ba8-1d2b-4cda-87a4-b8e8cd45989e/installSummary -> HTTP 400
2026-07-21 07:42:59  [Warning] No install summary for 'openITCOCKPIT Desktop APP': Graph GET /beta/deviceAppManagement/mobileApps/fa2c0e1e-6744-4a54-ad71-4163fe5c5a3c/installSummary -> HTTP 400
2026-07-21 07:43:00  [Warning] No install summary for 'openITCOCKPITDesktopAPP': Graph GET /beta/deviceAppManagement/mobileApps/704ed39c-90c1-4fad-82c1-62b45518d5c5/installSummary -> HTTP 400
2026-07-21 07:43:00  [Warning] No install summary for 'openITCOCKPITDesktopAPP-UPD': Graph GET /beta/deviceAppManagement/mobileApps/f375f9bd-6cd6-45f0-8aed-5e99e78c0e99/installSummary -> HTTP 400
2026-07-21 07:43:00  [Warning] No install summary for 'OpenLMAgent': Graph GET /beta/deviceAppManagement/mobileApps/5a078d48-103f-4b8d-b708-4b8b7494b4e4/installSummary -> HTTP 400
2026-07-21 07:43:00  [Warning] No install summary for 'OpenLMAgent': Graph GET /beta/deviceAppManagement/mobileApps/61a02ba0-b9f2-4825-8883-c80f2be1fb8d/installSummary -> HTTP 400
2026-07-21 07:43:01  [Warning] No install summary for 'OPUSPLAN': Graph GET /beta/deviceAppManagement/mobileApps/dbf391c8-276a-4ce9-b2c6-ec1ded786571/installSummary -> HTTP 400
2026-07-21 07:43:01  [Warning] No install summary for 'P touch Editor': Graph GET /beta/deviceAppManagement/mobileApps/aefa498a-fad6-4262-860b-38e93633b39d/installSummary -> HTTP 400
2026-07-21 07:43:01  [Warning] No install summary for 'Pack Assistant CFG': Graph GET /beta/deviceAppManagement/mobileApps/cec4f390-136f-4c97-8cae-62750220f9e7/installSummary -> HTTP 400
2026-07-21 07:43:01  [Warning] No install summary for 'PackAssistant': Graph GET /beta/deviceAppManagement/mobileApps/c366f2d5-db65-4391-9cc0-c3c91b071f69/installSummary -> HTTP 400
2026-07-21 07:43:01  [Warning] No install summary for 'PaginaNet': Graph GET /beta/deviceAppManagement/mobileApps/01ad0efd-ebfc-4548-bc96-19dba2e0cef2/installSummary -> HTTP 400
2026-07-21 07:43:01  [Warning] No install summary for 'PaisyClient': Graph GET /beta/deviceAppManagement/mobileApps/a9290ac0-21ff-4e7b-9a89-df8bb18bd8c8/installSummary -> HTTP 400
2026-07-21 07:43:01  [Warning] No install summary for 'PaperStream': Graph GET /beta/deviceAppManagement/mobileApps/5106a226-2a6a-4db7-a497-74deaf99760c/installSummary -> HTTP 400
2026-07-21 07:43:01  [Warning] No install summary for 'PaperStream IP (ISIS) Bundle': Graph GET /beta/deviceAppManagement/mobileApps/6b2f5db8-c010-4077-8992-5f73fa153d25/installSummary -> HTTP 400
2026-07-21 07:43:01  [Warning] No install summary for 'PaperStream IP (TWAIN) Aconso Scanner': Graph GET /beta/deviceAppManagement/mobileApps/a7a0a985-87e6-4daf-87e8-48bcd16efb46/installSummary -> HTTP 400
2026-07-21 07:43:01  [Warning] No install summary for 'PaperStream IP ISIS fi-71xx 72xx': Graph GET /beta/deviceAppManagement/mobileApps/14f2039b-f639-4015-a809-738407dfd2c5/installSummary -> HTTP 400
2026-07-21 07:43:01  [Warning] No install summary for 'PaperStream IP TWAIN': Graph GET /beta/deviceAppManagement/mobileApps/186454a9-ad60-453b-a508-874161e28353/installSummary -> HTTP 400
2026-07-21 07:43:01  [Warning] No install summary for 'PARTsolutions': Graph GET /beta/deviceAppManagement/mobileApps/fd50d1d8-9d7a-42fc-8d0f-19b9efd07a5b/installSummary -> HTTP 400
2026-07-21 07:43:01  [Warning] No install summary for 'PatentMaker': Graph GET /beta/deviceAppManagement/mobileApps/1fd58e30-8621-4419-bfce-1c09e5312c7e/installSummary -> HTTP 400
2026-07-21 07:43:01  [Warning] No install summary for 'PCoIPClient': Graph GET /beta/deviceAppManagement/mobileApps/e367a65a-0530-4efa-82aa-43f27c5c1e12/installSummary -> HTTP 400
2026-07-21 07:43:01  [Warning] No install summary for 'PDF XChange Editor Plus': Graph GET /beta/deviceAppManagement/mobileApps/4764bc4b-e113-4a38-9785-3d04b324e80a/installSummary -> HTTP 400
2026-07-21 07:43:02  [Warning] No install summary for 'PDF XChange Editor Plus': Graph GET /beta/deviceAppManagement/mobileApps/62e48c7f-40ab-4529-9f04-6a73fd0b016e/installSummary -> HTTP 400
2026-07-21 07:43:02  [Warning] No install summary for 'PDF XChange Editor Plus': Graph GET /beta/deviceAppManagement/mobileApps/41037876-a2bd-4da8-befa-e104caa73a95/installSummary -> HTTP 400
2026-07-21 07:43:03  [Warning] No install summary for 'Pencil': Graph GET /beta/deviceAppManagement/mobileApps/cac709c9-4fe7-4792-ac04-bda941fabc66/installSummary -> HTTP 400
2026-07-21 07:43:03  [Warning] No install summary for 'PersonalDesktopClientMAN': Graph GET /beta/deviceAppManagement/mobileApps/00ddcf3a-84fb-4984-8718-40fb4c121595/installSummary -> HTTP 400
2026-07-21 07:43:03  [Warning] No install summary for 'PersonalDesktopClientMAN': Graph GET /beta/deviceAppManagement/mobileApps/aab9533a-e662-4482-83b3-607cf0b406d3/installSummary -> HTTP 400
2026-07-21 07:43:03  [Warning] No install summary for 'PersonalDesktopClientMAN': Graph GET /beta/deviceAppManagement/mobileApps/fd3c6a70-0f92-4d8b-b1cc-80f0b1eff59b/installSummary -> HTTP 400
2026-07-21 07:43:04  [Warning] No install summary for 'PersonalDesktopClientMAN-UPD': Graph GET /beta/deviceAppManagement/mobileApps/0909c56c-0d59-4cf9-a23b-2b49cda11482/installSummary -> HTTP 400
2026-07-21 07:43:04  [Warning] No install summary for 'PhotoShop FRL Offline': Graph GET /beta/deviceAppManagement/mobileApps/b119a7eb-18da-483a-9b46-276a03d63c4e/installSummary -> HTTP 400
2026-07-21 07:43:04  [Warning] No install summary for 'photostudio': Graph GET /beta/deviceAppManagement/mobileApps/c1989a00-d7da-4cd6-b663-df55959b4606/installSummary -> HTTP 400
2026-07-21 07:43:04  [Warning] No install summary for 'PhysicsAI': Graph GET /beta/deviceAppManagement/mobileApps/fe9e18f4-1860-43e4-8f41-5e7030fd903d/installSummary -> HTTP 400
2026-07-21 07:43:04  [Warning] No install summary for 'PicoScope': Graph GET /beta/deviceAppManagement/mobileApps/9c50d2a5-6b58-4619-9180-eb795e0e17e2/installSummary -> HTTP 400
2026-07-21 07:43:04  [Warning] No install summary for 'PiWeb Enterprise': Graph GET /beta/deviceAppManagement/mobileApps/85dbc59e-a809-4c70-a01c-1ef295b66d2c/installSummary -> HTTP 400
2026-07-21 07:43:04  [Warning] No install summary for 'PiWeb Enterprise': Graph GET /beta/deviceAppManagement/mobileApps/3f41279e-ce72-442d-a406-695c1604034a/installSummary -> HTTP 400
2026-07-21 07:43:05  [Warning] No install summary for 'PiWeb Enterprise': Graph GET /beta/deviceAppManagement/mobileApps/d07c049a-65f9-4373-9245-da7ea80f319e/installSummary -> HTTP 400
2026-07-21 07:43:05  [Warning] No install summary for 'PiWebEnterprise': Graph GET /beta/deviceAppManagement/mobileApps/1220c6f3-5cbd-41c8-acb3-c45d367a3c7a/installSummary -> HTTP 400
2026-07-21 07:43:05  [Warning] No install summary for 'PL2303USBtoSerialTreiber': Graph GET /beta/deviceAppManagement/mobileApps/0b5a0183-8854-43d4-b040-47dfd3d905f6/installSummary -> HTTP 400
2026-07-21 07:43:05  [Warning] No install summary for 'Platform': Graph GET /beta/deviceAppManagement/mobileApps/7f35342c-079e-4c13-a848-131759efcb3c/installSummary -> HTTP 400
2026-07-21 07:43:05  [Warning] No install summary for 'PolyWorksMetrologySuite': Graph GET /beta/deviceAppManagement/mobileApps/bb3d3293-17b0-4f4a-b0e7-3987805be7b0/installSummary -> HTTP 400
2026-07-21 07:43:05  [Warning] No install summary for 'Postman': Graph GET /beta/deviceAppManagement/mobileApps/13f41c1a-040a-4746-a07c-b3d3ff095fe6/installSummary -> HTTP 400
2026-07-21 07:43:05  [Warning] No install summary for 'Power Automate for desktop': Graph GET /beta/deviceAppManagement/mobileApps/be5cfd49-ac8f-4ca6-8547-d3d48aea7b6d/installSummary -> HTTP 400
2026-07-21 07:43:05  [Warning] No install summary for 'Power BI Desktop': Graph GET /beta/deviceAppManagement/mobileApps/b036579a-82ba-4598-b167-646559c5bc22/installSummary -> HTTP 400
2026-07-21 07:43:06  [Warning] No install summary for 'Power BI Desktop': Graph GET /beta/deviceAppManagement/mobileApps/311e23d6-4818-4c9a-b29a-85456293977a/installSummary -> HTTP 400
2026-07-21 07:43:06  [Warning] No install summary for 'Power BI Desktop': Graph GET /beta/deviceAppManagement/mobileApps/ba90fe47-d421-4e64-8d56-b3d8480744a3/installSummary -> HTTP 400
2026-07-21 07:43:06  [Warning] No install summary for 'Power BI Desktop': Graph GET /beta/deviceAppManagement/mobileApps/f8d50020-7d80-4a82-a4d9-bff3fb3f7944/installSummary -> HTTP 400
2026-07-21 07:43:07  [Warning] No install summary for 'Power BI Desktop': Graph GET /beta/deviceAppManagement/mobileApps/e7821ca5-7f77-46df-8e56-c809936c1144/installSummary -> HTTP 400
2026-07-21 07:43:07  [Warning] No install summary for 'PowerPlayProANDinstant': Graph GET /beta/deviceAppManagement/mobileApps/cef253fa-c269-4d4d-942c-f28cab01473a/installSummary -> HTTP 400
2026-07-21 07:43:07  [Warning] No install summary for 'Premiere Pro Offline': Graph GET /beta/deviceAppManagement/mobileApps/486e4ced-70d4-40fc-98d9-424ad2942038/installSummary -> HTTP 400
2026-07-21 07:43:07  [Warning] No install summary for 'PrinterSetupUtilities': Graph GET /beta/deviceAppManagement/mobileApps/c3b4f6eb-d62a-4d17-ba38-3788bffcc7a2/installSummary -> HTTP 400
2026-07-21 07:43:07  [Warning] No install summary for 'pro Certum CardManager': Graph GET /beta/deviceAppManagement/mobileApps/39cefb7e-7200-43a5-988e-f01d42aa8c72/installSummary -> HTTP 400
2026-07-21 07:43:07  [Warning] No install summary for 'proCertum  SmartSign': Graph GET /beta/deviceAppManagement/mobileApps/ba307f2a-cc0b-491b-9f21-1ae3c6189226/installSummary -> HTTP 400
2026-07-21 07:43:07  [Warning] No install summary for 'PRODISUploadTool': Graph GET /beta/deviceAppManagement/mobileApps/826e63ca-8973-449c-93c9-7e3010f92585/installSummary -> HTTP 400
2026-07-21 07:43:08  [Warning] No install summary for 'promicron Fusion': Graph GET /beta/deviceAppManagement/mobileApps/3ed79c73-3bbd-4ce6-a7d3-5a1e62ca2500/installSummary -> HTTP 400
2026-07-21 07:43:08  [Warning] No install summary for 'proXSign': Graph GET /beta/deviceAppManagement/mobileApps/4dbc0053-191b-4f15-9934-467e2c51d474/installSummary -> HTTP 400
2026-07-21 07:43:08  [Warning] No install summary for 'Prusa3D': Graph GET /beta/deviceAppManagement/mobileApps/97b52f36-6f54-4532-a395-123e437f01b9/installSummary -> HTTP 400
2026-07-21 07:43:08  [Warning] No install summary for 'PrusaSlicer': Graph GET /beta/deviceAppManagement/mobileApps/78979930-18e1-490b-a69a-e205dc5ece38/installSummary -> HTTP 400
2026-07-21 07:43:08  [Warning] No install summary for 'P-touch Editor': Graph GET /beta/deviceAppManagement/mobileApps/1d613845-d979-490b-9dc6-6ce2125cfc52/installSummary -> HTTP 400
2026-07-21 07:43:08  [Warning] No install summary for 'P-Touch PT Druckertreiber': Graph GET /beta/deviceAppManagement/mobileApps/9fc0f7b9-c833-4eac-bffe-87a55d332ea5/installSummary -> HTTP 400
2026-07-21 07:43:08  [Warning] No install summary for 'P-Touch PT Druckertreiber': Graph GET /beta/deviceAppManagement/mobileApps/87197e3d-451d-402b-9f52-f0f0da9149d7/installSummary -> HTTP 400
2026-07-21 07:43:09  [Warning] No install summary for 'P-touch QL Driver': Graph GET /beta/deviceAppManagement/mobileApps/ca8c425d-55d3-43db-bd06-4e5200cfe3ef/installSummary -> HTTP 400
2026-07-21 07:43:09  [Warning] No install summary for 'Ptouch TD Druckertreiber': Graph GET /beta/deviceAppManagement/mobileApps/a9f20d6a-c3b7-4ae6-a624-8a9e9a130eb4/installSummary -> HTTP 400
2026-07-21 07:43:09  [Warning] No install summary for 'PTT Parts Tracking Tool': Graph GET /beta/deviceAppManagement/mobileApps/242fac32-55aa-4b4b-8fe8-1f7f37a943d2/installSummary -> HTTP 400
2026-07-21 07:43:09  [Warning] No install summary for 'PuTTY': Graph GET /beta/deviceAppManagement/mobileApps/6a53c9d5-164c-4cd7-992e-c2fc3a009915/installSummary -> HTTP 400
2026-07-21 07:43:09  [Warning] No install summary for 'QbitDB': Graph GET /beta/deviceAppManagement/mobileApps/42e2c442-fb42-4b33-960c-abffed2e5687/installSummary -> HTTP 400
2026-07-21 07:43:09  [Warning] No install summary for 'QbitDB': Graph GET /beta/deviceAppManagement/mobileApps/c5ec7d6e-3144-42f2-ad17-ebe326033ecd/installSummary -> HTTP 400
2026-07-21 07:43:09  [Warning] No install summary for 'QDA9Teileaudit': Graph GET /beta/deviceAppManagement/mobileApps/9295cad5-f6ac-4e12-87f7-ee8fb89e6d64/installSummary -> HTTP 400
2026-07-21 07:43:09  [Warning] No install summary for 'QGIS': Graph GET /beta/deviceAppManagement/mobileApps/5ec5202e-4b78-4faa-9252-5b7aedd48f02/installSummary -> HTTP 400
2026-07-21 07:43:09  [Warning] No install summary for 'QlikView': Graph GET /beta/deviceAppManagement/mobileApps/d7a06721-0a9f-41ac-b1d8-ca57f5d59e96/installSummary -> HTTP 400
2026-07-21 07:43:09  [Warning] No install summary for 'QMSoft': Graph GET /beta/deviceAppManagement/mobileApps/2f03ae91-481d-4f82-b72d-d58aa57ad527/installSummary -> HTTP 400
2026-07-21 07:43:10  [Warning] No install summary for 'qsSTATMUC': Graph GET /beta/deviceAppManagement/mobileApps/485cb58c-fff9-4f20-a290-04979914b831/installSummary -> HTTP 400
2026-07-21 07:43:10  [Warning] No install summary for 'qsSTATNBG': Graph GET /beta/deviceAppManagement/mobileApps/1dff2e26-6590-4d7e-a492-0a22f0d0011b/installSummary -> HTTP 400
2026-07-21 07:43:10  [Warning] No install summary for 'qsSTATSLZ': Graph GET /beta/deviceAppManagement/mobileApps/beb59eb4-d69a-4f72-ba1a-db160e76dd4e/installSummary -> HTTP 400
2026-07-21 07:43:10  [Warning] No install summary for 'QSTorqueMUC': Graph GET /beta/deviceAppManagement/mobileApps/14b2cf6d-804d-4197-bfd4-ca9bf12e50f8/installSummary -> HTTP 400
2026-07-21 07:43:10  [Warning] No install summary for 'QSTSCS': Graph GET /beta/deviceAppManagement/mobileApps/89193022-cd0b-457d-bc88-ac64d08faedf/installSummary -> HTTP 400
2026-07-21 07:43:10  [Warning] No install summary for 'QuadroNC': Graph GET /beta/deviceAppManagement/mobileApps/f5daf801-1974-4635-868b-7ec0eedaff48/installSummary -> HTTP 400
2026-07-21 07:43:10  [Warning] No install summary for 'R for Windows': Graph GET /beta/deviceAppManagement/mobileApps/c01d8bd2-9cf8-4f13-90b9-c21c234b642b/installSummary -> HTTP 400
2026-07-21 07:43:10  [Warning] No install summary for 'ReCap Pro': Graph GET /beta/deviceAppManagement/mobileApps/d5845bce-b5d1-48b3-ad74-db2b71187fad/installSummary -> HTTP 400
2026-07-21 07:43:10  [Warning] No install summary for 'Reflection Desktop': Graph GET /beta/deviceAppManagement/mobileApps/3346a27a-fda2-4469-ac6d-4a200d67fa04/installSummary -> HTTP 400
2026-07-21 07:43:10  [Warning] No install summary for 'ReflectionDesktop-UPD': Graph GET /beta/deviceAppManagement/mobileApps/10ad2e82-9309-4c96-88bb-75bcf8f91ebf/installSummary -> HTTP 400
2026-07-21 07:43:10  [Warning] No install summary for 'ReflectionVBARepair': Graph GET /beta/deviceAppManagement/mobileApps/65567dc8-f1bb-404e-99fd-8eeefd2b4fd9/installSummary -> HTTP 400
2026-07-21 07:43:10  [Warning] No install summary for 'RegioGraph Analysis': Graph GET /beta/deviceAppManagement/mobileApps/d9ba1928-e07b-4466-89dc-9cc1361c81f6/installSummary -> HTTP 400
2026-07-21 07:43:10  [Warning] No install summary for 'ReliabilityWorkbench': Graph GET /beta/deviceAppManagement/mobileApps/9e26c510-53f4-46fa-889c-181c76e44ba4/installSummary -> HTTP 400
2026-07-21 07:43:10  [Warning] No install summary for 'Remote Server Administration Tools RSAT': Graph GET /beta/deviceAppManagement/mobileApps/fe62e2e0-ec86-42c2-9852-68bdaff6454e/installSummary -> HTTP 400
2026-07-21 07:43:10  [Warning] No install summary for 'Remote Server Administration Tools RSAT': Graph GET /beta/deviceAppManagement/mobileApps/bb32e4af-a683-4e6c-b5bc-faf6ee03edfd/installSummary -> HTTP 400
2026-07-21 07:43:11  [Warning] No install summary for 'Remote Support MAN DESITE': Graph GET /beta/deviceAppManagement/mobileApps/a6a9e3b1-8551-41a1-8eee-984a870d2ee3/installSummary -> HTTP 400
2026-07-21 07:43:11  [Warning] No install summary for 'Remote Support MAN DETEST': Graph GET /beta/deviceAppManagement/mobileApps/0008df61-a45c-4d9c-b3f7-ee771e45dd43/installSummary -> HTTP 400
2026-07-21 07:43:11  [Warning] No install summary for 'Report Builder': Graph GET /beta/deviceAppManagement/mobileApps/0694744e-4459-46b2-8e41-15c6e7311ecf/installSummary -> HTTP 400
2026-07-21 07:43:11  [Warning] No install summary for 'Revit': Graph GET /beta/deviceAppManagement/mobileApps/c8b0458e-e8d1-41bb-807c-9ab7ec39337b/installSummary -> HTTP 400
2026-07-21 07:43:11  [Warning] No install summary for 'Revit': Graph GET /beta/deviceAppManagement/mobileApps/77ebd647-8b3a-4b7c-8eef-cf04e46d75a9/installSummary -> HTTP 400
2026-07-21 07:43:11  [Warning] No install summary for 'Robot Runtime': Graph GET /beta/deviceAppManagement/mobileApps/1774d168-b0be-44b4-94d1-58991add3225/installSummary -> HTTP 400
2026-07-21 07:43:11  [Warning] No install summary for 'RobotStudio': Graph GET /beta/deviceAppManagement/mobileApps/2014e3fd-4623-4147-9eac-65ef358204de/installSummary -> HTTP 400
2026-07-21 07:43:11  [Warning] No install summary for 'Rosy Vision': Graph GET /beta/deviceAppManagement/mobileApps/6ed773a9-1208-4501-860b-ae4f2ea02bad/installSummary -> HTTP 400
2026-07-21 07:43:11  [Warning] No install summary for 'RSAT-ADTools': Graph GET /beta/deviceAppManagement/mobileApps/beb38940-416e-43df-8480-83298758f232/installSummary -> HTTP 400
2026-07-21 07:43:11  [Warning] No install summary for 'RStudio': Graph GET /beta/deviceAppManagement/mobileApps/9a648930-1b10-4be9-81f7-cbf8fba25de4/installSummary -> HTTP 400
2026-07-21 07:43:11  [Warning] No install summary for 'RTMaps': Graph GET /beta/deviceAppManagement/mobileApps/46e24aa6-491e-4976-a039-0c6ea0da87fd/installSummary -> HTTP 400
2026-07-21 07:43:11  [Warning] No install summary for 'SafeNetMinidriver': Graph GET /beta/deviceAppManagement/mobileApps/dbcef670-9710-4890-8034-52fc9c3fc1f4/installSummary -> HTTP 400
2026-07-21 07:43:11  [Warning] No install summary for 'SafeSign': Graph GET /beta/deviceAppManagement/mobileApps/91269b51-d940-4a94-8166-3e3dd8268db2/installSummary -> HTTP 400
2026-07-21 07:43:11  [Warning] No install summary for 'Sage.Eb.eIDSign.Windows': Graph GET /beta/deviceAppManagement/mobileApps/1890b817-46c5-481c-947b-51d6cde03da0/installSummary -> HTTP 400
2026-07-21 07:43:11  [Warning] No install summary for 'SAP GUI': Graph GET /beta/deviceAppManagement/mobileApps/1ab96cba-7cd0-40c3-b77e-9c43642f43b6/installSummary -> HTTP 400
2026-07-21 07:43:11  [Warning] No install summary for 'SAP GUI Configuration MAN': Graph GET /beta/deviceAppManagement/mobileApps/4fa36e07-c533-4148-8653-271f2cc76083/installSummary -> HTTP 400
2026-07-21 07:43:12  [Warning] No install summary for 'SAP GUI Configuration MAN': Graph GET /beta/deviceAppManagement/mobileApps/0a1d2a0e-52fc-4ab9-87d4-9675ee4f19db/installSummary -> HTTP 400
2026-07-21 07:43:12  [Warning] No install summary for 'SAP GUI MAN': Graph GET /beta/deviceAppManagement/mobileApps/8c086b49-8f36-4202-af8f-d8b0a52961da/installSummary -> HTTP 400
2026-07-21 07:43:13  [Warning] No install summary for 'SAP GUI MAN': Graph GET /beta/deviceAppManagement/mobileApps/1ef97787-2d22-4bd5-ac6d-d9262a948603/installSummary -> HTTP 400
2026-07-21 07:43:13  [Warning] No install summary for 'SAP Update Reminder': Graph GET /beta/deviceAppManagement/mobileApps/08e3835f-195b-4e50-a373-dc6dadfe004a/installSummary -> HTTP 400
2026-07-21 07:43:13  [Warning] No install summary for 'SAPBusinessClient': Graph GET /beta/deviceAppManagement/mobileApps/ad330dce-9909-4b5e-a860-3f442ff07ece/installSummary -> HTTP 400
2026-07-21 07:43:13  [Warning] No install summary for 'SAPDataDesigner': Graph GET /beta/deviceAppManagement/mobileApps/e6dccc03-645c-470c-83e2-b551ba9f6f10/installSummary -> HTTP 400
2026-07-21 07:43:13  [Warning] No install summary for 'SAPGUI': Graph GET /beta/deviceAppManagement/mobileApps/c7271a0d-83a9-4d1e-a752-44d5d583bd9e/installSummary -> HTTP 400
2026-07-21 07:43:13  [Warning] No install summary for 'SAPHanaStudio': Graph GET /beta/deviceAppManagement/mobileApps/4465a0bd-5c48-4411-af19-0cd9e143c63f/installSummary -> HTTP 400
2026-07-21 07:43:13  [Warning] No install summary for 'ScandAllPro': Graph GET /beta/deviceAppManagement/mobileApps/4acec9e1-2f7e-4d40-bf80-f71123bfcc41/installSummary -> HTTP 400
2026-07-21 07:43:13  [Warning] No install summary for 'ScanEssentials': Graph GET /beta/deviceAppManagement/mobileApps/5566fdc5-a6c7-4b83-a3da-e67ee91947ae/installSummary -> HTTP 400
2026-07-21 07:43:13  [Warning] No install summary for 'SCORE CMP': Graph GET /beta/deviceAppManagement/mobileApps/6820a429-24ce-45c3-9986-a7a07dd004f0/installSummary -> HTTP 400
2026-07-21 07:43:14  [Warning] No install summary for 'SCORE CMP': Graph GET /beta/deviceAppManagement/mobileApps/42a54bfe-25e8-4abc-a99d-dc28bef24500/installSummary -> HTTP 400
2026-07-21 07:43:14  [Warning] No install summary for 'SCR3xxx Smart Card Reader': Graph GET /beta/deviceAppManagement/mobileApps/dcae01b3-abed-4296-aee9-70bc51080cdc/installSummary -> HTTP 400
2026-07-21 07:43:14  [Warning] No install summary for 'ScriveGO': Graph GET /beta/deviceAppManagement/mobileApps/f168206f-96d3-4dbc-ae91-5cb968222fbb/installSummary -> HTTP 400
2026-07-21 07:43:14  [Warning] No install summary for 'sdSolutions2017': Graph GET /beta/deviceAppManagement/mobileApps/10299e4c-0c25-4965-8b82-f316ef37b33c/installSummary -> HTTP 400
2026-07-21 07:43:14  [Warning] No install summary for 'SecSigner': Graph GET /beta/deviceAppManagement/mobileApps/ca31ef19-f350-4343-982d-32927f2900c3/installSummary -> HTTP 400
2026-07-21 07:43:14  [Warning] No install summary for 'Sentinel Agent': Graph GET /beta/deviceAppManagement/mobileApps/4ba0f4ec-01fd-4b74-a419-c767475137c8/installSummary -> HTTP 400
2026-07-21 07:43:14  [Warning] No install summary for 'Setpoint': Graph GET /beta/deviceAppManagement/mobileApps/cafb3f97-de58-4fe8-b4ec-cf83b71215f4/installSummary -> HTTP 400
2026-07-21 07:43:14  [Warning] No install summary for 'Sherlock': Graph GET /beta/deviceAppManagement/mobileApps/3e3a8b06-5252-4df8-89b6-5eb7020eeab6/installSummary -> HTTP 400
2026-07-21 07:43:14  [Warning] No install summary for 'SI Halcom EBanking': Graph GET /beta/deviceAppManagement/mobileApps/d386e0d1-3a7f-415e-997c-082ad1d7f84e/installSummary -> HTTP 400
2026-07-21 07:43:15  [Warning] No install summary for 'SI Halcom E-Banking': Graph GET /beta/deviceAppManagement/mobileApps/47ddbfe4-1e76-4b1b-82bd-9194673c9dda/installSummary -> HTTP 400
2026-07-21 07:43:15  [Warning] No install summary for 'signoSign2': Graph GET /beta/deviceAppManagement/mobileApps/8c8bea54-8c03-49eb-bb13-bea0b488b040/installSummary -> HTTP 400
2026-07-21 07:43:15  [Warning] No install summary for 'SIMDIA': Graph GET /beta/deviceAppManagement/mobileApps/4bcc6d1e-fe42-4cae-a851-e24262838833/installSummary -> HTTP 400
2026-07-21 07:43:15  [Warning] No install summary for 'SIMDRIVE3D': Graph GET /beta/deviceAppManagement/mobileApps/175051cf-a9f1-43af-8ae2-a81444769802/installSummary -> HTTP 400
2026-07-21 07:43:15  [Warning] No install summary for 'SimKey': Graph GET /beta/deviceAppManagement/mobileApps/e9f94b5a-7d60-4287-be7d-4c2fea7e1f93/installSummary -> HTTP 400
2026-07-21 07:43:15  [Warning] No install summary for 'Simpack': Graph GET /beta/deviceAppManagement/mobileApps/fb7d7631-d3da-4b5b-bd8c-8b1c6c2564c4/installSummary -> HTTP 400
2026-07-21 07:43:15  [Warning] No install summary for 'Simpack2021x': Graph GET /beta/deviceAppManagement/mobileApps/fb6631fd-0d4d-4243-91dc-b1596252d6b9/installSummary -> HTTP 400
2026-07-21 07:43:15  [Warning] No install summary for 'SimpackDLLChange2021': Graph GET /beta/deviceAppManagement/mobileApps/da865dee-4920-4154-b29b-b53dc2c247e5/installSummary -> HTTP 400
2026-07-21 07:43:15  [Warning] No install summary for 'SketchUp Pro': Graph GET /beta/deviceAppManagement/mobileApps/2bdc1b69-caa0-44c1-9bac-ee500ca4332b/installSummary -> HTTP 400
2026-07-21 07:43:15  [Warning] No install summary for 'Smart Exporter': Graph GET /beta/deviceAppManagement/mobileApps/e40d41ad-f5d2-4c9f-839a-c54f83bc92b0/installSummary -> HTTP 400
2026-07-21 07:43:15  [Warning] No install summary for 'smartchart': Graph GET /beta/deviceAppManagement/mobileApps/2ee1260e-77e7-43c2-8fcb-9ccaf9668ac1/installSummary -> HTTP 400
2026-07-21 07:43:15  [Warning] No install summary for 'SmartClient': Graph GET /beta/deviceAppManagement/mobileApps/8f7d8b44-1619-4d7e-8ef7-5386c045d2e1/installSummary -> HTTP 400
2026-07-21 07:43:15  [Warning] No install summary for 'SmartServices': Graph GET /beta/deviceAppManagement/mobileApps/be9cc2b5-4807-4040-a4f9-2704735d1419/installSummary -> HTTP 400
2026-07-21 07:43:15  [Warning] No install summary for 'SnowingApp': Graph GET /beta/deviceAppManagement/mobileApps/a74a8637-516a-444c-a171-416042248e86/installSummary -> HTTP 400
2026-07-21 07:43:15  [Warning] No install summary for 'SnowingApp': Graph GET /beta/deviceAppManagement/mobileApps/0fd8f739-85f8-4688-8555-e13c2b73ae6a/installSummary -> HTTP 400
2026-07-21 07:43:15  [Warning] No install summary for 'SoapUI': Graph GET /beta/deviceAppManagement/mobileApps/ec3ec50a-16e6-4c43-aadb-1ea13ba52067/installSummary -> HTTP 400
2026-07-21 07:43:16  [Warning] No install summary for 'SoapUI': Graph GET /beta/deviceAppManagement/mobileApps/ac00b1e9-2bdd-4f84-9129-3e5cd405f7f6/installSummary -> HTTP 400
2026-07-21 07:43:16  [Warning] No install summary for 'Solid Works': Graph GET /beta/deviceAppManagement/mobileApps/0d6e7211-709a-4641-a557-8c31b9bd343f/installSummary -> HTTP 400
2026-07-21 07:43:16  [Warning] No install summary for 'SpikeToolAnalyser': Graph GET /beta/deviceAppManagement/mobileApps/b57802c3-c887-494d-bece-30317830be87/installSummary -> HTTP 400
2026-07-21 07:43:16  [Warning] No install summary for 'SQL Developer': Graph GET /beta/deviceAppManagement/mobileApps/a50b06cb-592f-47eb-b0b5-0ed927102a37/installSummary -> HTTP 400
2026-07-21 07:43:16  [Warning] No install summary for 'SQL Navigator': Graph GET /beta/deviceAppManagement/mobileApps/145a612e-b79b-4481-a618-99b29e405944/installSummary -> HTTP 400
2026-07-21 07:43:16  [Warning] No install summary for 'SQL Server Management Studio': Graph GET /beta/deviceAppManagement/mobileApps/c9f691b7-81fc-4f77-a104-9caed1a76cbf/installSummary -> HTTP 400
2026-07-21 07:43:17  [Warning] No install summary for 'SQL Server Management Studio': Graph GET /beta/deviceAppManagement/mobileApps/53569575-3fcd-4444-8b88-e412383418b6/installSummary -> HTTP 400
2026-07-21 07:43:17  [Warning] No install summary for 'SQL Toolbelt': Graph GET /beta/deviceAppManagement/mobileApps/3dff7bff-783d-4aa4-9c06-d51f94a00cab/installSummary -> HTTP 400
2026-07-21 07:43:17  [Warning] No install summary for 'SSH-Agent': Graph GET /beta/deviceAppManagement/mobileApps/1a080351-1bfa-4707-87f2-58bb0a432acb/installSummary -> HTTP 400
2026-07-21 07:43:17  [Warning] No install summary for 'StageNow': Graph GET /beta/deviceAppManagement/mobileApps/b8adcd76-79b3-42aa-af10-7bcfdcaa571b/installSummary -> HTTP 400
2026-07-21 07:43:18  [Warning] No install summary for 'StageNow': Graph GET /beta/deviceAppManagement/mobileApps/a4add825-7dbf-42ca-b531-cccad80104bf/installSummary -> HTTP 400
2026-07-21 07:43:18  [Warning] No install summary for 'STARCCM': Graph GET /beta/deviceAppManagement/mobileApps/7ea821d6-9be8-4be3-89e0-c2ed1f5ac1eb/installSummary -> HTTP 400
2026-07-21 07:43:18  [Warning] No install summary for 'Startmenu Fix': Graph GET /beta/deviceAppManagement/mobileApps/fb3ca552-2308-4060-8add-6e68aaa34ed0/installSummary -> HTTP 400
2026-07-21 07:43:18  [Warning] No install summary for 'StrokesPlusDotNET': Graph GET /beta/deviceAppManagement/mobileApps/98a2aba0-cf4f-4d8d-b342-77315f1f8d9e/installSummary -> HTTP 400
2026-07-21 07:43:18  [Warning] No install summary for 'SUP431': Graph GET /beta/deviceAppManagement/mobileApps/fe9a49ea-8e68-43f0-b641-da057b237b13/installSummary -> HTTP 400
2026-07-21 07:43:18  [Warning] No install summary for 'SUP461': Graph GET /beta/deviceAppManagement/mobileApps/0e31becd-d217-46a9-82b8-411632bebd83/installSummary -> HTTP 400
2026-07-21 07:43:19  [Warning] No install summary for 'SuperPuTTY': Graph GET /beta/deviceAppManagement/mobileApps/041707d9-77ec-4101-8ba4-938ba9bae588/installSummary -> HTTP 400
2026-07-21 07:43:19  [Warning] No install summary for 'Symphony Client': Graph GET /beta/deviceAppManagement/mobileApps/183249ba-0df6-44b3-a261-6cc0adf6c6d3/installSummary -> HTTP 400
2026-07-21 07:43:19  [Warning] No install summary for 'SymphonyClient': Graph GET /beta/deviceAppManagement/mobileApps/ea90c4b9-af15-4799-88a5-23dfe725863d/installSummary -> HTTP 400
2026-07-21 07:43:19  [Warning] No install summary for 'Sync': Graph GET /beta/deviceAppManagement/mobileApps/30690a8a-6730-42cb-bebe-64f623a690c9/installSummary -> HTTP 400
2026-07-21 07:43:19  [Warning] No install summary for 'Sync': Graph GET /beta/deviceAppManagement/mobileApps/c7a99fe2-0c1f-4c70-86db-ba0597a76478/installSummary -> HTTP 400
2026-07-21 07:43:19  [Warning] No install summary for 'System D2000': Graph GET /beta/deviceAppManagement/mobileApps/affa60ba-7af8-42c6-87b3-429f979d6d65/installSummary -> HTTP 400
2026-07-21 07:43:19  [Warning] No install summary for 'SysTracer_TEST_VWITS': Graph GET /beta/deviceAppManagement/mobileApps/60dc99d6-0ceb-453f-9356-e40fb9390d45/installSummary -> HTTP 400
2026-07-21 07:43:20  [Warning] No install summary for 'SysTracer-3.0-x64.exe': Graph GET /beta/deviceAppManagement/mobileApps/ec4d8747-d0f9-46a9-bc94-c8d2cb3c2dec/installSummary -> HTTP 400
2026-07-21 07:43:20  [Warning] No install summary for 'SysTracer-4.0-x64.exe': Graph GET /beta/deviceAppManagement/mobileApps/93e1d3f4-870a-45d5-bda4-509c59381c47/installSummary -> HTTP 400
2026-07-21 07:43:21  [Warning] No install summary for 'Szafir': Graph GET /beta/deviceAppManagement/mobileApps/f994ff45-6d72-4d48-bf93-1ba8f3c1f941/installSummary -> HTTP 400
2026-07-21 07:43:21  [Warning] No install summary for 'Tabellenbuch Metall': Graph GET /beta/deviceAppManagement/mobileApps/de049e60-fb50-4455-83c2-27fc1ed97541/installSummary -> HTTP 400
2026-07-21 07:43:21  [Warning] No install summary for 'TableauDesktop': Graph GET /beta/deviceAppManagement/mobileApps/c8ffb9eb-d3a5-4cd0-a0b2-961e57260b10/installSummary -> HTTP 400
2026-07-21 07:43:21  [Warning] No install summary for 'TableauPrepBuilder': Graph GET /beta/deviceAppManagement/mobileApps/793d7be1-45fa-41f3-aa49-9f9442d2c18b/installSummary -> HTTP 400
2026-07-21 07:43:21  [Warning] No install summary for 'Tablet Driver': Graph GET /beta/deviceAppManagement/mobileApps/8bc95d35-6fd9-41c7-b1eb-49ac9b4a5a0c/installSummary -> HTTP 400
2026-07-21 07:43:21  [Warning] No install summary for 'Tanium Client': Graph GET /beta/deviceAppManagement/mobileApps/efb15abd-9de9-40d7-8f25-c4d540cbe10f/installSummary -> HTTP 400
2026-07-21 07:43:21  [Warning] No install summary for 'Teamcenter Visualization Mockup': Graph GET /beta/deviceAppManagement/mobileApps/626b5dc8-824e-4a22-8810-956c5e90f353/installSummary -> HTTP 400
2026-07-21 07:43:21  [Warning] No install summary for 'Teamcenter Visualization Mockup': Graph GET /beta/deviceAppManagement/mobileApps/2f25db90-e2da-486f-ba01-d6582f0edc80/installSummary -> HTTP 400
2026-07-21 07:43:22  [Warning] No install summary for 'TeamsNew': Graph GET /beta/deviceAppManagement/mobileApps/1bb721f1-9ce7-47f7-b8f2-73f88a47d909/installSummary -> HTTP 400
2026-07-21 07:43:22  [Warning] No install summary for 'TEDplus': Graph GET /beta/deviceAppManagement/mobileApps/4a4b28a7-7efa-481b-bc94-289df73ec561/installSummary -> HTTP 400
2026-07-21 07:43:22  [Warning] No install summary for 'Tesseract': Graph GET /beta/deviceAppManagement/mobileApps/d1eb9869-eb2f-4386-bf8a-86d597339a4b/installSummary -> HTTP 400
2026-07-21 07:43:22  [Warning] No install summary for 'test 365 Copilot': Graph GET /beta/deviceAppManagement/mobileApps/82019c23-4e3d-4fd4-ab87-1d96948f6f58/installSummary -> HTTP 400
2026-07-21 07:43:22  [Warning] No install summary for 'Test PSADT': Graph GET /beta/deviceAppManagement/mobileApps/19400337-8aea-4a45-936d-f1c22e05b4bd/installSummary -> HTTP 400
2026-07-21 07:43:22  [Warning] No install summary for 'Test_Scope': Graph GET /beta/deviceAppManagement/mobileApps/618465a8-b9b3-423b-b682-ffd2cc5949d8/installSummary -> HTTP 400
2026-07-21 07:43:22  [Warning] No install summary for 'Test-1-App': Graph GET /beta/deviceAppManagement/mobileApps/d6a8a6e9-9728-4eb2-9964-0fbfe67e1291/installSummary -> HTTP 400
2026-07-21 07:43:22  [Warning] No install summary for 'TEVIS Fahrer-App': Graph GET /beta/deviceAppManagement/mobileApps/7cd7d030-0356-491d-ade3-cd519ffc9219/installSummary -> HTTP 400
2026-07-21 07:43:22  [Warning] No install summary for 'Textbausteine Plus': Graph GET /beta/deviceAppManagement/mobileApps/3ea393af-4b83-4597-a575-db028953e27c/installSummary -> HTTP 400
2026-07-21 07:43:22  [Warning] No install summary for 'ThermalViewFinishing': Graph GET /beta/deviceAppManagement/mobileApps/ea719882-f796-460c-8c20-a7daf4be921f/installSummary -> HTTP 400
2026-07-21 07:43:22  [Warning] No install summary for 'ThinkCell': Graph GET /beta/deviceAppManagement/mobileApps/bae0057e-5b2b-4ee2-91b9-79dc3a397875/installSummary -> HTTP 400
2026-07-21 07:43:22  [Warning] No install summary for 'ThinkCell': Graph GET /beta/deviceAppManagement/mobileApps/2f603c07-47b3-4924-90b2-bee3246abf6a/installSummary -> HTTP 400
2026-07-21 07:43:23  [Warning] No install summary for 'ThinkCell': Graph GET /beta/deviceAppManagement/mobileApps/d21a6902-9f74-416e-a20c-bf641a388282/installSummary -> HTTP 400
2026-07-21 07:43:23  [Warning] No install summary for 'ThinkCentre M75q G2 BIOS Update': Graph GET /beta/deviceAppManagement/mobileApps/260cdc24-a8f8-4160-982a-3113fa1f7a59/installSummary -> HTTP 400
2026-07-21 07:43:23  [Warning] No install summary for 'ThinkCentre M75q G2 BIOS Update': Graph GET /beta/deviceAppManagement/mobileApps/90ee57ed-6fed-421a-9a37-d33d4dbd9334/installSummary -> HTTP 400
2026-07-21 07:43:23  [Warning] No install summary for 'ThinkCentre M75t G2 BIOS Update': Graph GET /beta/deviceAppManagement/mobileApps/1105c73f-b309-4e34-9fe4-522dba4440d8/installSummary -> HTTP 400
2026-07-21 07:43:23  [Warning] No install summary for 'ThinkCentre M75t G2 BIOS Update': Graph GET /beta/deviceAppManagement/mobileApps/676633f5-88e2-4586-b5f7-5e3a4fba0798/installSummary -> HTTP 400
2026-07-21 07:43:23  [Warning] No install summary for 'ThinkCentre M75t G5 BIOS Update': Graph GET /beta/deviceAppManagement/mobileApps/4b47e333-9fca-4407-8e4f-6a58941bd10e/installSummary -> HTTP 400
2026-07-21 07:43:23  [Warning] No install summary for 'ThinkPad L13 G6 BIOS Update': Graph GET /beta/deviceAppManagement/mobileApps/befa8dc4-cc8a-4bd6-a00a-8dcf0716509e/installSummary -> HTTP 400
2026-07-21 07:43:23  [Warning] No install summary for 'ThinkPad T14 G4 T16 G2 BIOS Update': Graph GET /beta/deviceAppManagement/mobileApps/acdc2bbb-fd4f-489b-837b-37fa661335c9/installSummary -> HTTP 400
2026-07-21 07:43:23  [Warning] No install summary for 'ThinkPad T14 G4 T16 G2 BIOS Update': Graph GET /beta/deviceAppManagement/mobileApps/321c901a-8f5c-49c7-80f2-50b4adf5affc/installSummary -> HTTP 400
2026-07-21 07:43:23  [Warning] No install summary for 'ThinkPad T14 G5 BIOS Update': Graph GET /beta/deviceAppManagement/mobileApps/623ee506-370c-4aee-9ec7-69f6a2bf28ca/installSummary -> HTTP 400
2026-07-21 07:43:23  [Warning] No install summary for 'ThinkPad T14 G5 BIOS Update': Graph GET /beta/deviceAppManagement/mobileApps/bae83fbf-8d8b-42a6-a773-8066e055f573/installSummary -> HTTP 400
2026-07-21 07:43:23  [Warning] No install summary for 'ThinkPad X13 2-in-1 G5 BIOS Update': Graph GET /beta/deviceAppManagement/mobileApps/babd0e08-cd42-4453-89b9-d9f11cf6fe44/installSummary -> HTTP 400
2026-07-21 07:43:23  [Warning] No install summary for 'ThinkPad X13 G4 BIOS Update': Graph GET /beta/deviceAppManagement/mobileApps/dd470c5d-0770-49ff-80e8-94228bcbadd2/installSummary -> HTTP 400
2026-07-21 07:43:23  [Warning] No install summary for 'ThinkPad X13 G4 BIOS Update': Graph GET /beta/deviceAppManagement/mobileApps/a34d5384-a4b6-4eee-80eb-bb8718d8b5b9/installSummary -> HTTP 400
2026-07-21 07:43:23  [Warning] No install summary for 'ThinkPad X13 Yoga G4 BIOS Update': Graph GET /beta/deviceAppManagement/mobileApps/8610f58e-2f18-4554-a6b8-3011d6d0526f/installSummary -> HTTP 400
2026-07-21 07:43:23  [Warning] No install summary for 'TiCon': Graph GET /beta/deviceAppManagement/mobileApps/f42f7345-0dd0-4c2c-8ba3-27f8d30920ae/installSummary -> HTTP 400
2026-07-21 07:43:23  [Warning] No install summary for 'TimConnect': Graph GET /beta/deviceAppManagement/mobileApps/e0c59297-007c-478a-b0ee-35a0cf7c4e62/installSummary -> HTTP 400
2026-07-21 07:43:23  [Warning] No install summary for 'Time and Space PIF': Graph GET /beta/deviceAppManagement/mobileApps/5e2d5b0b-fa3d-4140-aac5-27c8269a1062/installSummary -> HTTP 400
2026-07-21 07:43:23  [Warning] No install summary for 'Time AttendanceDesk Admin Client': Graph GET /beta/deviceAppManagement/mobileApps/b8a172ab-7182-4f1d-b8c7-d7644a447327/installSummary -> HTTP 400
2026-07-21 07:43:23  [Warning] No install summary for 'TISWebDMMClient': Graph GET /beta/deviceAppManagement/mobileApps/30c845a6-351d-4583-a307-e37c303fd67a/installSummary -> HTTP 400
2026-07-21 07:43:23  [Warning] No install summary for 'TMX Plant Simulation': Graph GET /beta/deviceAppManagement/mobileApps/c41de437-4212-43fc-aa39-f0981e66009d/installSummary -> HTTP 400
2026-07-21 07:43:23  [Warning] No install summary for 'TMX Plant Simulation MAN CFG': Graph GET /beta/deviceAppManagement/mobileApps/9e948e27-eba3-42c8-8286-063c515031fd/installSummary -> HTTP 400
2026-07-21 07:43:24  [Warning] No install summary for 'Toad for Oracle Base Edition': Graph GET /beta/deviceAppManagement/mobileApps/ac0c49d3-1511-4242-a2d7-bffa44077c3d/installSummary -> HTTP 400
2026-07-21 07:43:24  [Warning] No install summary for 'ToadProfessionalEdition': Graph GET /beta/deviceAppManagement/mobileApps/ea208c29-7907-4106-8e85-58082ae7bc44/installSummary -> HTTP 400
2026-07-21 07:43:24  [Warning] No install summary for 'TortoiseGit': Graph GET /beta/deviceAppManagement/mobileApps/c1a7175a-0206-4392-9274-e00d7f0ab40f/installSummary -> HTTP 400
2026-07-21 07:43:24  [Warning] No install summary for 'Tosca': Graph GET /beta/deviceAppManagement/mobileApps/561e02fd-9854-42bf-87ab-c7f54e179025/installSummary -> HTTP 400
2026-07-21 07:43:24  [Warning] No install summary for 'TotalAgility Scan Agent Service': Graph GET /beta/deviceAppManagement/mobileApps/bb258c42-5c90-46cd-a561-42d0149bf30c/installSummary -> HTTP 400
2026-07-21 07:43:24  [Warning] No install summary for 'TouchEN nxKey Installer': Graph GET /beta/deviceAppManagement/mobileApps/6f197212-a010-400c-8094-30f78348cd9f/installSummary -> HTTP 400
2026-07-21 07:43:24  [Warning] No install summary for 'Trace32TriCorePlusGTM': Graph GET /beta/deviceAppManagement/mobileApps/be0835ce-f65d-44cf-bc19-ae50199fcba9/installSummary -> HTTP 400
2026-07-21 07:43:24  [Warning] No install summary for 'Trados Studio': Graph GET /beta/deviceAppManagement/mobileApps/3651fb91-51c0-44bd-acae-9cd30c366e5d/installSummary -> HTTP 400
2026-07-21 07:43:24  [Warning] No install summary for 'Trailer WIN Italy': Graph GET /beta/deviceAppManagement/mobileApps/4bd8fda8-0da7-45b4-ab73-070e5d2c3616/installSummary -> HTTP 400
2026-07-21 07:43:24  [Warning] No install summary for 'TrailerWIN': Graph GET /beta/deviceAppManagement/mobileApps/c09b829d-38cc-4676-8068-ea2e3869906b/installSummary -> HTTP 400
2026-07-21 07:43:24  [Warning] No install summary for 'TrailerWIN Norway': Graph GET /beta/deviceAppManagement/mobileApps/dafe856b-8830-44a5-8727-664af0f8b786/installSummary -> HTTP 400
2026-07-21 07:43:24  [Warning] No install summary for 'TrailerWin Spain': Graph GET /beta/deviceAppManagement/mobileApps/5bc23942-3e3c-4d7e-88ee-a084150e9847/installSummary -> HTTP 400
2026-07-21 07:43:24  [Warning] No install summary for 'TrailerWINUK': Graph GET /beta/deviceAppManagement/mobileApps/0580420e-ee88-45a6-9a13-fd8cd2f9dfbd/installSummary -> HTTP 400
2026-07-21 07:43:24  [Warning] No install summary for 'TRATONeese': Graph GET /beta/deviceAppManagement/mobileApps/da35b66c-c098-4803-bdee-d034e9630bd5/installSummary -> HTTP 400
2026-07-21 07:43:24  [Warning] No install summary for 'TreiberG500': Graph GET /beta/deviceAppManagement/mobileApps/8a5e9047-450e-45cc-9fad-93fc4440f9f6/installSummary -> HTTP 400
2026-07-21 07:43:24  [Warning] No install summary for 'TreiberUC232A': Graph GET /beta/deviceAppManagement/mobileApps/8160baf3-3d92-448c-a9eb-d6ba70d32634/installSummary -> HTTP 400
2026-07-21 07:43:24  [Warning] No install summary for 'TrustDesk': Graph GET /beta/deviceAppManagement/mobileApps/378bb99f-6fd7-4680-a6be-bf5c86e37d54/installSummary -> HTTP 400
2026-07-21 07:43:24  [Warning] No install summary for 'UiPath Studio': Graph GET /beta/deviceAppManagement/mobileApps/08f75d6b-6ea1-4e9a-b580-3b72086fa6e9/installSummary -> HTTP 400
2026-07-21 07:43:25  [Warning] No install summary for 'UiPath Studio': Graph GET /beta/deviceAppManagement/mobileApps/0a1863bc-9fdd-4417-bbad-c639e5c034dc/installSummary -> HTTP 400
2026-07-21 07:43:25  [Warning] No install summary for 'Ultimaker Cura': Graph GET /beta/deviceAppManagement/mobileApps/3f65ce9a-c0f1-40fd-8d1e-eb949664bce3/installSummary -> HTTP 400
2026-07-21 07:43:25  [Warning] No install summary for 'UltraEdit': Graph GET /beta/deviceAppManagement/mobileApps/e5954e75-ead0-4601-99b3-cb182094ea5d/installSummary -> HTTP 400
2026-07-21 07:43:25  [Warning] No install summary for 'UniCRSV3': Graph GET /beta/deviceAppManagement/mobileApps/8ab1ac60-64b0-44a1-b805-29b77e858673/installSummary -> HTTP 400
2026-07-21 07:43:25  [Warning] No install summary for 'Uninstaller': Graph GET /beta/deviceAppManagement/mobileApps/6971384d-9356-429d-8234-2eefaae6f573/installSummary -> HTTP 400
2026-07-21 07:43:25  [Warning] No install summary for 'Uniplot': Graph GET /beta/deviceAppManagement/mobileApps/757c0ff5-9005-47d8-9702-e52ec01dd950/installSummary -> HTTP 400
2026-07-21 07:43:25  [Warning] No install summary for 'Unitrain': Graph GET /beta/deviceAppManagement/mobileApps/4672d655-fe20-4839-8c81-042930d514f5/installSummary -> HTTP 400
2026-07-21 07:43:25  [Warning] No install summary for 'UnityHub': Graph GET /beta/deviceAppManagement/mobileApps/1e231f3b-a06f-4a27-a7e4-4965e3b280e2/installSummary -> HTTP 400
2026-07-21 07:43:25  [Warning] No install summary for 'Universaltreiber': Graph GET /beta/deviceAppManagement/mobileApps/cfd9b217-a088-4f05-bfff-f55843317f6f/installSummary -> HTTP 400
2026-07-21 07:43:25  [Warning] No install summary for 'UnrealEngine': Graph GET /beta/deviceAppManagement/mobileApps/36c3dc42-cb30-43b5-a8ce-150b9da5fbb1/installSummary -> HTTP 400
2026-07-21 07:43:25  [Warning] No install summary for 'UnrealPlatform': Graph GET /beta/deviceAppManagement/mobileApps/c6c5cf94-2deb-48d3-9e2b-fc4c849fbd8a/installSummary -> HTTP 400
2026-07-21 07:43:25  [Warning] No install summary for 'USB driver': Graph GET /beta/deviceAppManagement/mobileApps/3cf81e82-1f61-42ce-a254-d2a52578eebf/installSummary -> HTTP 400
2026-07-21 07:43:25  [Warning] No install summary for 'USBdriver': Graph GET /beta/deviceAppManagement/mobileApps/422c890b-dc4a-4a20-a43b-feee39e1d133/installSummary -> HTTP 400
2026-07-21 07:43:25  [Warning] No install summary for 'Vault Professional': Graph GET /beta/deviceAppManagement/mobileApps/c9c1316b-b993-4549-9d3c-2c84b903110a/installSummary -> HTTP 400
2026-07-21 07:43:26  [Warning] No install summary for 'VCPDriver': Graph GET /beta/deviceAppManagement/mobileApps/d24b249e-1355-4f7b-8d96-b94cfd55960b/installSummary -> HTTP 400
2026-07-21 07:43:26  [Warning] No install summary for 'VECTO': Graph GET /beta/deviceAppManagement/mobileApps/375b1ab8-a6bb-4e72-bdab-e15e8e8fce5f/installSummary -> HTTP 400
2026-07-21 07:43:26  [Warning] No install summary for 'Vector Driver Setup': Graph GET /beta/deviceAppManagement/mobileApps/3d1bf563-bc29-4fee-b38f-5d0db33c40a3/installSummary -> HTTP 400
2026-07-21 07:43:26  [Warning] No install summary for 'VersionDog': Graph GET /beta/deviceAppManagement/mobileApps/3879ea8e-cb4b-44f4-8b77-02d31fc623e6/installSummary -> HTTP 400
2026-07-21 07:43:26  [Warning] No install summary for 'VersionDog': Graph GET /beta/deviceAppManagement/mobileApps/90d648e9-70fb-4593-8fe2-8ef30e23fb26/installSummary -> HTTP 400
2026-07-21 07:43:26  [Warning] No install summary for 'Versiontool': Graph GET /beta/deviceAppManagement/mobileApps/5e8e3931-7622-45c5-af16-1285130679dd/installSummary -> HTTP 400
2026-07-21 07:43:26  [Warning] No install summary for 'View': Graph GET /beta/deviceAppManagement/mobileApps/72b62a71-6f1e-4285-a0ac-b421cb9fa0be/installSummary -> HTTP 400
2026-07-21 07:43:26  [Warning] No install summary for 'VirtualDeliveryAgent': Graph GET /beta/deviceAppManagement/mobileApps/bd695e1c-c9da-462b-b6ca-4ba494c828df/installSummary -> HTTP 400
2026-07-21 07:43:26  [Warning] No install summary for 'VirtualMachinePlatform': Graph GET /beta/deviceAppManagement/mobileApps/20fabf3f-d2ea-458a-820f-84259da0c451/installSummary -> HTTP 400
2026-07-21 07:43:26  [Warning] No install summary for 'VistecAPP': Graph GET /beta/deviceAppManagement/mobileApps/bf8cf141-fc78-4c99-a85a-c4bbe133b56a/installSummary -> HTTP 400
2026-07-21 07:43:27  [Warning] No install summary for 'Visual LaserMarker VLM': Graph GET /beta/deviceAppManagement/mobileApps/4918f347-08cc-4c82-96a4-031823be7545/installSummary -> HTTP 400
2026-07-21 07:43:27  [Warning] No install summary for 'Visual Studio 2010 Tools for Office Runtime': Graph GET /beta/deviceAppManagement/mobileApps/ca860b8b-f97f-4634-91d4-42679dc481a4/installSummary -> HTTP 400
2026-07-21 07:43:27  [Warning] No install summary for 'Visual Studio 2010 Tools for Office Runtime': Graph GET /beta/deviceAppManagement/mobileApps/1dbe23e0-7d0e-4f11-adbd-729d425d5ade/installSummary -> HTTP 400
2026-07-21 07:43:27  [Warning] No install summary for 'Visual Studio 2022 Professional': Graph GET /beta/deviceAppManagement/mobileApps/bd1c470e-b51d-453a-b5f4-dcfba0877fc6/installSummary -> HTTP 400
2026-07-21 07:43:28  [Warning] No install summary for 'Visual Studio Code': Graph GET /beta/deviceAppManagement/mobileApps/0e3732e0-3603-47e8-bdc2-d4ed28bb6f83/installSummary -> HTTP 400
2026-07-21 07:43:28  [Warning] No install summary for 'Visual Studio Code': Graph GET /beta/deviceAppManagement/mobileApps/63d8e87a-4706-4002-a970-de79c75ab041/installSummary -> HTTP 400
2026-07-21 07:43:28  [Warning] No install summary for 'Visual Studio Professional 2022': Graph GET /beta/deviceAppManagement/mobileApps/919dfb12-4761-4c75-bbe2-4906d66814fc/installSummary -> HTTP 400
2026-07-21 07:43:28  [Warning] No install summary for 'Visual Studio Professional 2026 Advanced': Graph GET /beta/deviceAppManagement/mobileApps/2cd87f1e-3d9d-4fa2-aa2c-390be28b1655/installSummary -> HTTP 400
2026-07-21 07:43:28  [Warning] No install summary for 'VisualStudioCode-UPD': Graph GET /beta/deviceAppManagement/mobileApps/d0463dc2-0c70-45ee-9320-2e9fe2a539d2/installSummary -> HTTP 400
2026-07-21 07:43:28  [Warning] No install summary for 'VisualStudioProfessional2022CATIA': Graph GET /beta/deviceAppManagement/mobileApps/3edef314-1c85-4bdb-a4ec-d410feb7ac7f/installSummary -> HTTP 400
2026-07-21 07:43:28  [Warning] No install summary for 'VLC WinGet Pre Post': Graph GET /beta/deviceAppManagement/mobileApps/a7998c1e-e883-4834-b9d1-e906cedf97f7/installSummary -> HTTP 400
2026-07-21 07:43:28  [Warning] No install summary for 'vokoscreenNG': Graph GET /beta/deviceAppManagement/mobileApps/350ff7a4-c223-4745-8390-bc162dc9d2d0/installSummary -> HTTP 400
2026-07-21 07:43:28  [Warning] No install summary for 'VPSMail': Graph GET /beta/deviceAppManagement/mobileApps/aefef82e-8e86-474d-b501-1bb230ec2d53/installSummary -> HTTP 400
2026-07-21 07:43:28  [Warning] No install summary for 'VSCodeUserSetup-x64-1.106.2.exe': Graph GET /beta/deviceAppManagement/mobileApps/31b61001-0b4d-4d65-99df-11a38f52b5c6/installSummary -> HTTP 400
2026-07-21 07:43:28  [Warning] No install summary for 'vSignalyzer': Graph GET /beta/deviceAppManagement/mobileApps/700dfc2b-7781-4851-921e-42135252a96f/installSummary -> HTTP 400
2026-07-21 07:43:29  [Warning] No install summary for 'vSignalyzer': Graph GET /beta/deviceAppManagement/mobileApps/2cdedf2b-ab43-4695-b81c-c2abb988bc72/installSummary -> HTTP 400
2026-07-21 07:43:29  [Warning] No install summary for 'vTEST studio': Graph GET /beta/deviceAppManagement/mobileApps/0c26799b-0e52-44e0-a2bf-e998ea12e97a/installSummary -> HTTP 400
2026-07-21 07:43:29  [Warning] No install summary for 'VW Start': Graph GET /beta/deviceAppManagement/mobileApps/9274bc04-32d0-4bd1-a239-9b886bdf70c4/installSummary -> HTTP 400
2026-07-21 07:43:29  [Warning] No install summary for 'Wave': Graph GET /beta/deviceAppManagement/mobileApps/f8644012-da81-4206-a841-4281f6429688/installSummary -> HTTP 400
2026-07-21 07:43:30  [Warning] No install summary for 'Wave': Graph GET /beta/deviceAppManagement/mobileApps/45b89221-5400-45ad-b44a-81ae6ec3085e/installSummary -> HTTP 400
2026-07-21 07:43:30  [Warning] No install summary for 'Web Capture Service': Graph GET /beta/deviceAppManagement/mobileApps/580284d9-2bc0-4cdb-8d8f-1a8ec8e3dd23/installSummary -> HTTP 400
2026-07-21 07:43:30  [Warning] No install summary for 'Webex': Graph GET /beta/deviceAppManagement/mobileApps/b1ba1928-2f6a-4583-952f-de870dd59af0/installSummary -> HTTP 400
2026-07-21 07:43:30  [Warning] No install summary for 'WebPlotDigitizer': Graph GET /beta/deviceAppManagement/mobileApps/0e88110f-1667-412b-b8b9-5c7764b6b137/installSummary -> HTTP 400
2026-07-21 07:43:30  [Warning] No install summary for 'WebPrint': Graph GET /beta/deviceAppManagement/mobileApps/85afaa8c-3cd9-43a5-96de-afb6ea59ddef/installSummary -> HTTP 400
2026-07-21 07:43:30  [Warning] No install summary for 'WebSigner Suite for Barclays': Graph GET /beta/deviceAppManagement/mobileApps/f00e4689-0e65-4677-a25b-0ec32ea48371/installSummary -> HTTP 400
2026-07-21 07:43:30  [Warning] No install summary for 'wehagoagent': Graph GET /beta/deviceAppManagement/mobileApps/18ff152e-7a67-4ece-8e67-cff65f159fc2/installSummary -> HTTP 400
2026-07-21 07:43:30  [Warning] No install summary for 'WibuKeyRuntime': Graph GET /beta/deviceAppManagement/mobileApps/51889d2a-0a52-499b-b7cd-c3e831aa66ce/installSummary -> HTTP 400
2026-07-21 07:43:30  [Warning] No install summary for 'Windows PowerShell': Graph GET /beta/deviceAppManagement/mobileApps/d25cdbf5-b3fa-478a-803e-5c2f13720883/installSummary -> HTTP 400
2026-07-21 07:43:31  [Warning] No install summary for 'WinGet-AutoUpdate-Configurator': Graph GET /beta/deviceAppManagement/mobileApps/22a0d441-f330-4baf-8afc-5a2b4b4d7db5/installSummary -> HTTP 400
2026-07-21 07:43:31  [Warning] No install summary for 'WinMerge': Graph GET /beta/deviceAppManagement/mobileApps/84997ead-9575-4d5d-a149-096e698cbcc1/installSummary -> HTTP 400
2026-07-21 07:43:31  [Warning] No install summary for 'WinMerge': Graph GET /beta/deviceAppManagement/mobileApps/e5244a38-56cc-4072-84de-f129acfd1043/installSummary -> HTTP 400
2026-07-21 07:43:32  [Warning] No install summary for 'WinPat': Graph GET /beta/deviceAppManagement/mobileApps/f04243a3-f0b6-4021-b25a-6687060484d4/installSummary -> HTTP 400
2026-07-21 07:43:32  [Warning] No install summary for 'WinSCP': Graph GET /beta/deviceAppManagement/mobileApps/043a1db4-8d84-41a5-9514-446c36e9cf26/installSummary -> HTTP 400
2026-07-21 07:43:32  [Warning] No install summary for 'WinSCP': Graph GET /beta/deviceAppManagement/mobileApps/c4029349-19f6-406e-96d9-615fbb9bd90a/installSummary -> HTTP 400
2026-07-21 07:43:32  [Warning] No install summary for 'WinSCP-UPD': Graph GET /beta/deviceAppManagement/mobileApps/3acde301-366d-4ee6-a7c0-9a830879406e/installSummary -> HTTP 400
2026-07-21 07:43:32  [Warning] No install summary for 'Wireshark': Graph GET /beta/deviceAppManagement/mobileApps/d9915605-e569-4b31-8655-149f76cdf767/installSummary -> HTTP 400
2026-07-21 07:43:33  [Warning] No install summary for 'Wireshark': Graph GET /beta/deviceAppManagement/mobileApps/9cf81d32-a088-4db8-bb9f-8d5c697dccfa/installSummary -> HTTP 400
2026-07-21 07:43:33  [Warning] No install summary for 'Wireshark': Graph GET /beta/deviceAppManagement/mobileApps/450f8b78-44ec-42a5-957a-ceb38896a264/installSummary -> HTTP 400
2026-07-21 07:43:33  [Warning] No install summary for 'Wireshark-UPD': Graph GET /beta/deviceAppManagement/mobileApps/7f7a0e9a-78c2-4526-ba30-972fc8a9eb21/installSummary -> HTTP 400
2026-07-21 07:43:34  [Warning] No install summary for 'WLANProfile': Graph GET /beta/deviceAppManagement/mobileApps/d5194ccb-6f50-4d32-af91-fdf8af3d7d5f/installSummary -> HTTP 400
2026-07-21 07:43:34  [Warning] No install summary for 'Workspace MAN': Graph GET /beta/deviceAppManagement/mobileApps/8b69388a-d72d-4333-a323-5c1a096c9ed3/installSummary -> HTTP 400
2026-07-21 07:43:34  [Warning] No install summary for 'Workspace MAN': Graph GET /beta/deviceAppManagement/mobileApps/de5d8ae7-6ce4-45f1-b4f0-6c2d60e05349/installSummary -> HTTP 400
2026-07-21 07:43:34  [Warning] No install summary for 'Workspace MAN -Test_Dispose': Graph GET /beta/deviceAppManagement/mobileApps/8614836b-9710-4162-9562-a0e19fdbff5f/installSummary -> HTTP 400
2026-07-21 07:43:35  [Warning] No install summary for 'WorkspaceMAN Remover': Graph GET /beta/deviceAppManagement/mobileApps/da9991d5-296b-4d32-b10c-8e462bfefed3/installSummary -> HTTP 400
2026-07-21 07:43:35  [Warning] No install summary for 'WorkspaceMAN-UPD': Graph GET /beta/deviceAppManagement/mobileApps/2e53698b-3432-4910-a80c-5b35f731f6f1/installSummary -> HTTP 400
2026-07-21 07:43:35  [Warning] No install summary for 'WorkspaceMAN-UPD -Test_Dispose': Graph GET /beta/deviceAppManagement/mobileApps/06d55fec-b27d-4f51-bace-2ef5a53adb98/installSummary -> HTTP 400
2026-07-21 07:43:35  [Warning] No install summary for 'WorldServerExplorer': Graph GET /beta/deviceAppManagement/mobileApps/9441a40d-cf3b-410e-8746-353ec91e5b58/installSummary -> HTTP 400
2026-07-21 07:43:35  [Warning] No install summary for 'XCOM': Graph GET /beta/deviceAppManagement/mobileApps/9d54f28b-1208-47c3-8b34-0043134f8e4a/installSummary -> HTTP 400
2026-07-21 07:43:36  [Warning] No install summary for 'XCOM': Graph GET /beta/deviceAppManagement/mobileApps/5412e6ef-f36b-4cca-ad27-533807e77fdb/installSummary -> HTTP 400
2026-07-21 07:43:36  [Warning] No install summary for 'XMAX': Graph GET /beta/deviceAppManagement/mobileApps/93645703-2274-4ed5-b0df-a7779ec033ad/installSummary -> HTTP 400
2026-07-21 07:43:36  [Warning] No install summary for 'XMLSPY2023Pro': Graph GET /beta/deviceAppManagement/mobileApps/d16c69de-ba8d-45d6-84e5-3abe7d850640/installSummary -> HTTP 400
2026-07-21 07:43:36  [Warning] No install summary for 'XSign Designer': Graph GET /beta/deviceAppManagement/mobileApps/18ec597d-6d63-4c73-8f14-3c93cc6d9fe7/installSummary -> HTTP 400
2026-07-21 07:43:36  [Warning] No install summary for 'XVL Studio Pro': Graph GET /beta/deviceAppManagement/mobileApps/f05453ba-e2e7-4666-b04f-48e02f6b08e0/installSummary -> HTTP 400
2026-07-21 07:43:36  [Warning] No install summary for 'XVLPlayer': Graph GET /beta/deviceAppManagement/mobileApps/f8f570ce-a88f-42ef-8cdb-ea9c723e027a/installSummary -> HTTP 400
2026-07-21 07:43:36  [Warning] No install summary for 'Z2 TWR G1i Workstation BIOS Update': Graph GET /beta/deviceAppManagement/mobileApps/91b6c00b-b816-4e40-883c-9ac1255d8011/installSummary -> HTTP 400
2026-07-21 07:43:36  [Warning] No install summary for 'ZaARC VPN Workshops': Graph GET /beta/deviceAppManagement/mobileApps/7e588571-3c4c-48f8-a529-328107be7b58/installSummary -> HTTP 400
2026-07-21 07:43:37  [Warning] No install summary for 'ZaARCVPNPlants': Graph GET /beta/deviceAppManagement/mobileApps/d42483d1-7500-445f-9196-ff8a997f51d0/installSummary -> HTTP 400
2026-07-21 07:43:37  [Warning] No install summary for 'ZBook Fury 16 G11 BIOS Update': Graph GET /beta/deviceAppManagement/mobileApps/a71ef807-fdd7-4a9c-bc0d-2b14e23c4cbd/installSummary -> HTTP 400
2026-07-21 07:43:37  [Warning] No install summary for 'ZBook Fury 1x G8 BIOS Update': Graph GET /beta/deviceAppManagement/mobileApps/a61397bb-566b-4156-98e9-5ae924c06f0e/installSummary -> HTTP 400
2026-07-21 07:43:37  [Warning] No install summary for 'ZBook Power 16 G11 A BIOS Update': Graph GET /beta/deviceAppManagement/mobileApps/8c3f1c87-6136-4e94-b7b2-fc48de210cc8/installSummary -> HTTP 400
2026-07-21 07:43:37  [Warning] No install summary for 'ZebraDesigner': Graph GET /beta/deviceAppManagement/mobileApps/9b3dd52a-b709-41fe-b818-015d44aaa680/installSummary -> HTTP 400
2026-07-21 07:43:37  [Warning] No install summary for 'ZeissInspect': Graph GET /beta/deviceAppManagement/mobileApps/d6f101b1-eed7-4cf0-abb5-c7966ed2e49a/installSummary -> HTTP 400
2026-07-21 07:43:37  [Warning] No install summary for 'ZG View': Graph GET /beta/deviceAppManagement/mobileApps/2964ac70-f9e1-44aa-b752-172d889090f8/installSummary -> HTTP 400
2026-07-21 07:43:37  [Warning] No install summary for 'Zsuite': Graph GET /beta/deviceAppManagement/mobileApps/d0be976a-e70f-4ab1-93c0-f0fabc99c94e/installSummary -> HTTP 400
2026-07-21 07:44:05  [Warning] Audit events unavailable (Graph GET /beta/deviceManagement/auditEvents?$filter=activityDateTime+gt+2026-06-21T05%3a43%3a37Z&$top=100&$skiptoken=%255Bcosmosdb%255D%255B%257B%2522token%2522%253A%2522%252BRID%253A~vbhMAMn-mt1ZIJkBAACgDw%253D%253D%2523RT%253A1%2523TRC%253A12%2523ISV%253A2%2523IEO%253A65567%2523QCF%253A8%2523FPC%253AAghkBgAAgD4AAHIGAACAPgAAZAYAAIA%252BAAAcAFmgBIANgEGDJoAEgOqAKoQ3jQ2FRYHbgJaA8YBlBgAAgD4AAB4AMYBXgACBsoCggk6Ba4SHgeeEk4G0kmSAmIJkhHmBZgYAAIA%252BAAAQAHuFi4iehL%252BIJYCkgXOG7ZFnBgAAgD4AAA4A7ZQ0i1CFrIBbhkKDSYNoBgAAgD4AAA4AkZIkhFCAd5axgTWBnoZpBgAAgD4AAAwAR5GJifSUsIB6gs6HagYAAIA%252BAAAGADGBk5S5nGsGAACAPgAAHADmgU2Az4vhCGAApIu9iN6AEoAKgsGALoFticWAbAYAAIA%252BAAAcAA%252BOQYFohS6DeILrgR6ABoICgPeRBYCXgZGAhoNtBgAAgD4AAAoAJY9qhCuDNZmHjW4GAACAPgAAIABGkzmAEYV3g7mCboLplIiAioAKgBiDsoCfgFCACYBqg28GAACAPgAAFADqgUmGaZFQg5yC4QAggP2DYpjGgnAGAACAPgAAHgB8gTEBgAhUgYSISZQygFyBbIJHgSWCEYQIgNqA%252FoJxBgAAgD4AABIA9YXCnx%252BEG4TzgJ%252BDsID3gCCGcgYAAIA%252BAAAEAOODpYw%253D%2522%252C%2522range%2522%253A%257B%2522min%2522%253A%252210FFFFFFFFFFFFFFFFFFFFFFFFFFFFFD%2522%252C%2522max%2522%253A%252211FFFFFFFFFFFFFFFFFFFFFFFFFFFFFD%2522%257D%257D%255D -> HTTP 429). 'Changed by' will be blank.
2026-07-21 07:44:10  [Info] Snapshot written: apps-20260721-074409.json
2026-07-21 07:44:10  [Success] HTML report written: C:\Users\AW140\Downloads\IntuneAppReport\Data\IntuneAppReport.html
